{"durationMs":321,"level":"info","message":"HTTP request","method":"POST","path":"/api/auth/register","statusCode":201,"timestamp":"2026-08-12T13:51:13.210Z"}
{"durationMs":299,"level":"info","message":"HTTP request","method":"POST","path":"/api/auth/register","statusCode":201,"timestamp":"2026-08-12T13:51:13.528Z"}
{"durationMs":305,"level":"info","message":"HTTP request","method":"POST","path":"/api/auth/register","statusCode":201,"timestamp":"2026-08-12T13:51:13.844Z"}
{"durationMs":307,"level":"info","message":"HTTP request","method":"POST","path":"/api/auth/login","statusCode":200,"timestamp":"2026-08-12T13:51:14.159Z"}
{"durationMs":293,"level":"info","message":"HTTP request","method":"POST","path":"/api/auth/register","statusCode":201,"timestamp":"2026-08-12T13:51:14.471Z"}
{"durationMs":291,"level":"info","message":"HTTP request","method":"POST","path":"/api/auth/login","statusCode":200,"timestamp":"2026-08-12T13:51:14.770Z"}
{"durationMs":283,"level":"info","message":"HTTP request","method":"POST","path":"/api/auth/register","statusCode":201,"timestamp":"2026-08-12T13:51:15.059Z"}
{"durationMs":285,"level":"info","message":"HTTP request","method":"POST","path":"/api/auth/login","statusCode":200,"timestamp":"2026-08-12T13:51:15.350Z"}
{"durationMs":12,"level":"info","message":"HTTP request","method":"POST","path":"/api/listings","statusCode":201,"timestamp":"2026-08-12T13:51:15.367Z"}
{"durationMs":294,"level":"info","message":"HTTP request","method":"POST","path":"/api/auth/register","statusCode":201,"timestamp":"2026-08-12T13:51:15.666Z"}
{"durationMs":287,"level":"info","message":"HTTP request","method":"POST","path":"/api/auth/login","statusCode":200,"timestamp":"2026-08-12T13:51:15.959Z"}
{"durationMs":1,"level":"info","message":"HTTP request","method":"POST","path":"/api/listings","statusCode":403,"timestamp":"2026-08-12T13:51:15.965Z"}
{"durationMs":293,"level":"info","message":"HTTP request","method":"POST","path":"/api/auth/register","statusCode":201,"timestamp":"2026-08-12T13:51:16.262Z"}
{"durationMs":307,"level":"info","message":"HTTP request","method":"POST","path":"/api/auth/login","statusCode":200,"timestamp":"2026-08-12T13:51:16.574Z"}
{"durationMs":293,"level":"info","message":"HTTP request","method":"POST","path":"/api/auth/register","statusCode":201,"timestamp":"2026-08-12T13:51:16.871Z"}
{"durationMs":290,"level":"info","message":"HTTP request","method":"POST","path":"/api/auth/login","statusCode":200,"timestamp":"2026-08-12T13:51:17.167Z"}
{"durationMs":7,"level":"info","message":"HTTP request","method":"POST","path":"/api/listings","statusCode":201,"timestamp":"2026-08-12T13:51:17.177Z"}
{"durationMs":12,"level":"info","message":"HTTP request","method":"POST","path":"/api/listings/27/bookings","statusCode":201,"timestamp":"2026-08-12T13:51:17.192Z"}
{"durationMs":288,"level":"info","message":"HTTP request","method":"POST","path":"/api/auth/register","statusCode":201,"timestamp":"2026-08-12T13:51:17.486Z"}
{"durationMs":286,"level":"info","message":"HTTP request","method":"POST","path":"/api/auth/login","statusCode":200,"timestamp":"2026-08-12T13:51:17.778Z"}
{"durationMs":286,"level":"info","message":"HTTP request","method":"POST","path":"/api/auth/register","statusCode":201,"timestamp":"2026-08-12T13:51:18.067Z"}
{"durationMs":286,"level":"info","message":"HTTP request","method":"POST","path":"/api/auth/login","statusCode":200,"timestamp":"2026-08-12T13:51:18.358Z"}
{"durationMs":7,"level":"info","message":"HTTP request","method":"POST","path":"/api/listings","statusCode":201,"timestamp":"2026-08-12T13:51:18.369Z"}
{"durationMs":0,"level":"info","message":"HTTP request","method":"POST","path":"/api/listings/28/bookings","statusCode":403,"timestamp":"2026-08-12T13:51:18.373Z"}
{"durationMs":290,"level":"info","message":"HTTP request","method":"POST","path":"/api/auth/register","statusCode":201,"timestamp":"2026-08-12T13:51:18.667Z"}
{"durationMs":301,"level":"info","message":"HTTP request","method":"POST","path":"/api/auth/login","statusCode":200,"timestamp":"2026-08-12T13:51:18.971Z"}
{"durationMs":286,"level":"info","message":"HTTP request","method":"POST","path":"/api/auth/register","statusCode":201,"timestamp":"2026-08-12T13:51:19.261Z"}
{"durationMs":288,"level":"info","message":"HTTP request","method":"POST","path":"/api/auth/login","statusCode":200,"timestamp":"2026-08-12T13:51:19.552Z"}
{"durationMs":6,"level":"info","message":"HTTP request","method":"POST","path":"/api/listings","statusCode":201,"timestamp":"2026-08-12T13:51:19.562Z"}
{"durationMs":8,"level":"info","message":"HTTP request","method":"POST","path":"/api/listings/29/bookings","statusCode":201,"timestamp":"2026-08-12T13:51:19.573Z"}
{"durationMs":13,"level":"info","message":"HTTP request","method":"POST","path":"/api/listings/29/bookings","statusCode":409,"timestamp":"2026-08-12T13:51:19.588Z"}
{"durationMs":287,"level":"info","message":"HTTP request","method":"POST","path":"/api/auth/register","statusCode":201,"timestamp":"2026-08-12T13:51:19.881Z"}
{"durationMs":285,"level":"info","message":"HTTP request","method":"POST","path":"/api/auth/login","statusCode":200,"timestamp":"2026-08-12T13:51:20.171Z"}
{"durationMs":290,"level":"info","message":"HTTP request","method":"POST","path":"/api/auth/register","statusCode":201,"timestamp":"2026-08-12T13:51:20.463Z"}
{"durationMs":301,"level":"info","message":"HTTP request","method":"POST","path":"/api/auth/login","statusCode":200,"timestamp":"2026-08-12T13:51:20.769Z"}
{"durationMs":7,"level":"info","message":"HTTP request","method":"POST","path":"/api/listings","statusCode":201,"timestamp":"2026-08-12T13:51:20.781Z"}
{"durationMs":2,"level":"info","message":"HTTP request","method":"PUT","path":"/api/listings/30","statusCode":404,"timestamp":"2026-08-12T13:51:20.787Z"}
{"durationMs":333,"level":"info","message":"HTTP request","method":"POST","path":"/api/auth/register","statusCode":201,"timestamp":"2026-08-12T13:52:39.933Z"}
{"durationMs":315,"level":"info","message":"HTTP request","method":"POST","path":"/api/auth/register","statusCode":201,"timestamp":"2026-08-12T13:52:40.265Z"}
{"durationMs":315,"level":"info","message":"HTTP request","method":"POST","path":"/api/auth/register","statusCode":201,"timestamp":"2026-08-12T13:52:40.594Z"}
{"durationMs":387,"level":"info","message":"HTTP request","method":"POST","path":"/api/auth/login","statusCode":200,"timestamp":"2026-08-12T13:52:40.989Z"}
{"durationMs":311,"level":"info","message":"HTTP request","method":"POST","path":"/api/auth/register","statusCode":201,"timestamp":"2026-08-12T13:52:41.307Z"}
{"durationMs":282,"level":"info","message":"HTTP request","method":"POST","path":"/api/auth/login","statusCode":200,"timestamp":"2026-08-12T13:52:41.594Z"}
{"durationMs":348,"level":"info","message":"HTTP request","method":"POST","path":"/api/auth/register","statusCode":201,"timestamp":"2026-08-12T13:52:41.948Z"}
{"durationMs":382,"level":"info","message":"HTTP request","method":"POST","path":"/api/auth/login","statusCode":200,"timestamp":"2026-08-12T13:52:42.349Z"}
{"durationMs":13,"level":"info","message":"HTTP request","method":"POST","path":"/api/listings","statusCode":201,"timestamp":"2026-08-12T13:52:42.369Z"}
{"durationMs":290,"level":"info","message":"HTTP request","method":"POST","path":"/api/auth/register","statusCode":201,"timestamp":"2026-08-12T13:52:42.665Z"}
{"durationMs":289,"level":"info","message":"HTTP request","method":"POST","path":"/api/auth/login","statusCode":200,"timestamp":"2026-08-12T13:52:42.958Z"}
{"durationMs":1,"level":"info","message":"HTTP request","method":"POST","path":"/api/listings","statusCode":403,"timestamp":"2026-08-12T13:52:42.962Z"}
{"durationMs":287,"level":"info","message":"HTTP request","method":"POST","path":"/api/auth/register","statusCode":201,"timestamp":"2026-08-12T13:52:43.256Z"}
{"durationMs":285,"level":"info","message":"HTTP request","method":"POST","path":"/api/auth/login","statusCode":200,"timestamp":"2026-08-12T13:52:43.545Z"}
{"durationMs":288,"level":"info","message":"HTTP request","method":"POST","path":"/api/auth/register","statusCode":201,"timestamp":"2026-08-12T13:52:43.838Z"}
{"durationMs":281,"level":"info","message":"HTTP request","method":"POST","path":"/api/auth/login","statusCode":200,"timestamp":"2026-08-12T13:52:44.124Z"}
{"durationMs":6,"level":"info","message":"HTTP request","method":"POST","path":"/api/listings","statusCode":201,"timestamp":"2026-08-12T13:52:44.134Z"}
{"durationMs":17,"level":"info","message":"HTTP request","method":"POST","path":"/api/listings/32/bookings","statusCode":201,"timestamp":"2026-08-12T13:52:44.155Z"}
{"durationMs":294,"level":"info","message":"HTTP request","method":"POST","path":"/api/auth/register","statusCode":201,"timestamp":"2026-08-12T13:52:44.464Z"}
{"durationMs":289,"level":"info","message":"HTTP request","method":"POST","path":"/api/auth/login","statusCode":200,"timestamp":"2026-08-12T13:52:44.758Z"}
{"durationMs":286,"level":"info","message":"HTTP request","method":"POST","path":"/api/auth/register","statusCode":201,"timestamp":"2026-08-12T13:52:45.048Z"}
{"durationMs":287,"level":"info","message":"HTTP request","method":"POST","path":"/api/auth/login","statusCode":200,"timestamp":"2026-08-12T13:52:45.340Z"}
{"durationMs":8,"level":"info","message":"HTTP request","method":"POST","path":"/api/listings","statusCode":201,"timestamp":"2026-08-12T13:52:45.352Z"}
{"durationMs":1,"level":"info","message":"HTTP request","method":"POST","path":"/api/listings/33/bookings","statusCode":403,"timestamp":"2026-08-12T13:52:45.355Z"}
{"durationMs":305,"level":"info","message":"HTTP request","method":"POST","path":"/api/auth/register","statusCode":201,"timestamp":"2026-08-12T13:52:45.664Z"}
{"durationMs":286,"level":"info","message":"HTTP request","method":"POST","path":"/api/auth/login","statusCode":200,"timestamp":"2026-08-12T13:52:45.954Z"}
{"durationMs":287,"level":"info","message":"HTTP request","method":"POST","path":"/api/auth/register","statusCode":201,"timestamp":"2026-08-12T13:52:46.245Z"}
{"durationMs":283,"level":"info","message":"HTTP request","method":"POST","path":"/api/auth/login","statusCode":200,"timestamp":"2026-08-12T13:52:46.532Z"}
{"durationMs":7,"level":"info","message":"HTTP request","method":"POST","path":"/api/listings","statusCode":201,"timestamp":"2026-08-12T13:52:46.542Z"}
{"durationMs":11,"level":"info","message":"HTTP request","method":"POST","path":"/api/listings/34/bookings","statusCode":201,"timestamp":"2026-08-12T13:52:46.557Z"}
{"durationMs":22,"level":"info","message":"HTTP request","method":"POST","path":"/api/listings/34/bookings","statusCode":409,"timestamp":"2026-08-12T13:52:46.581Z"}
{"durationMs":292,"level":"info","message":"HTTP request","method":"POST","path":"/api/auth/register","statusCode":201,"timestamp":"2026-08-12T13:52:46.877Z"}
{"durationMs":282,"level":"info","message":"HTTP request","method":"POST","path":"/api/auth/login","statusCode":200,"timestamp":"2026-08-12T13:52:47.163Z"}
{"durationMs":284,"level":"info","message":"HTTP request","method":"POST","path":"/api/auth/register","statusCode":201,"timestamp":"2026-08-12T13:52:47.451Z"}
{"durationMs":287,"level":"info","message":"HTTP request","method":"POST","path":"/api/auth/login","statusCode":200,"timestamp":"2026-08-12T13:52:47.741Z"}
{"durationMs":18,"level":"info","message":"HTTP request","method":"POST","path":"/api/listings","statusCode":201,"timestamp":"2026-08-12T13:52:47.763Z"}
{"durationMs":1,"level":"info","message":"HTTP request","method":"PUT","path":"/api/listings/35","statusCode":404,"timestamp":"2026-08-12T13:52:47.767Z"}
{"durationMs":314,"level":"info","message":"HTTP request","method":"POST","path":"/api/auth/register","statusCode":201,"timestamp":"2026-08-12T13:53:32.154Z"}
{"durationMs":298,"level":"info","message":"HTTP request","method":"POST","path":"/api/auth/register","statusCode":201,"timestamp":"2026-08-12T13:53:32.470Z"}
{"durationMs":294,"level":"info","message":"HTTP request","method":"POST","path":"/api/auth/register","statusCode":201,"timestamp":"2026-08-12T13:53:32.780Z"}
{"durationMs":308,"level":"info","message":"HTTP request","method":"POST","path":"/api/auth/login","statusCode":200,"timestamp":"2026-08-12T13:53:33.096Z"}
{"durationMs":289,"level":"info","message":"HTTP request","method":"POST","path":"/api/auth/register","statusCode":201,"timestamp":"2026-08-12T13:53:33.394Z"}
{"durationMs":292,"level":"info","message":"HTTP request","method":"POST","path":"/api/auth/login","statusCode":200,"timestamp":"2026-08-12T13:53:33.691Z"}
{"durationMs":283,"level":"info","message":"HTTP request","method":"POST","path":"/api/auth/register","statusCode":201,"timestamp":"2026-08-12T13:53:33.983Z"}
{"durationMs":288,"level":"info","message":"HTTP request","method":"POST","path":"/api/auth/login","statusCode":200,"timestamp":"2026-08-12T13:53:34.275Z"}
{"durationMs":15,"level":"info","message":"HTTP request","method":"POST","path":"/api/listings","statusCode":201,"timestamp":"2026-08-12T13:53:34.297Z"}
{"durationMs":301,"level":"info","message":"HTTP request","method":"POST","path":"/api/auth/register","statusCode":201,"timestamp":"2026-08-12T13:53:34.606Z"}
{"durationMs":290,"level":"info","message":"HTTP request","method":"POST","path":"/api/auth/login","statusCode":200,"timestamp":"2026-08-12T13:53:34.902Z"}
{"durationMs":1,"level":"info","message":"HTTP request","method":"POST","path":"/api/listings","statusCode":403,"timestamp":"2026-08-12T13:53:34.907Z"}
{"durationMs":289,"level":"info","message":"HTTP request","method":"POST","path":"/api/auth/register","statusCode":201,"timestamp":"2026-08-12T13:53:35.202Z"}
{"durationMs":286,"level":"info","message":"HTTP request","method":"POST","path":"/api/auth/login","statusCode":200,"timestamp":"2026-08-12T13:53:35.494Z"}
{"durationMs":290,"level":"info","message":"HTTP request","method":"POST","path":"/api/auth/register","statusCode":201,"timestamp":"2026-08-12T13:53:35.787Z"}
{"durationMs":286,"level":"info","message":"HTTP request","method":"POST","path":"/api/auth/login","statusCode":200,"timestamp":"2026-08-12T13:53:36.077Z"}
{"durationMs":7,"level":"info","message":"HTTP request","method":"POST","path":"/api/listings","statusCode":201,"timestamp":"2026-08-12T13:53:36.088Z"}
{"durationMs":13,"level":"info","message":"HTTP request","method":"POST","path":"/api/listings/37/bookings","statusCode":201,"timestamp":"2026-08-12T13:53:36.104Z"}
{"durationMs":312,"level":"info","message":"HTTP request","method":"POST","path":"/api/auth/register","statusCode":201,"timestamp":"2026-08-12T13:53:36.420Z"}
{"durationMs":287,"level":"info","message":"HTTP request","method":"POST","path":"/api/auth/login","statusCode":200,"timestamp":"2026-08-12T13:53:36.712Z"}
{"durationMs":283,"level":"info","message":"HTTP request","method":"POST","path":"/api/auth/register","statusCode":201,"timestamp":"2026-08-12T13:53:36.999Z"}
{"durationMs":305,"level":"info","message":"HTTP request","method":"POST","path":"/api/auth/login","statusCode":200,"timestamp":"2026-08-12T13:53:37.306Z"}
{"durationMs":5,"level":"info","message":"HTTP request","method":"POST","path":"/api/listings","statusCode":201,"timestamp":"2026-08-12T13:53:37.317Z"}
{"durationMs":2,"level":"info","message":"HTTP request","method":"POST","path":"/api/listings/38/bookings","statusCode":403,"timestamp":"2026-08-12T13:53:37.323Z"}
{"durationMs":281,"level":"info","message":"HTTP request","method":"POST","path":"/api/auth/register","statusCode":201,"timestamp":"2026-08-12T13:53:37.609Z"}
{"durationMs":287,"level":"info","message":"HTTP request","method":"POST","path":"/api/auth/login","statusCode":200,"timestamp":"2026-08-12T13:53:37.899Z"}
{"durationMs":283,"level":"info","message":"HTTP request","method":"POST","path":"/api/auth/register","statusCode":201,"timestamp":"2026-08-12T13:53:38.186Z"}
{"durationMs":300,"level":"info","message":"HTTP request","method":"POST","path":"/api/auth/login","statusCode":200,"timestamp":"2026-08-12T13:53:38.488Z"}
{"durationMs":7,"level":"info","message":"HTTP request","method":"POST","path":"/api/listings","statusCode":201,"timestamp":"2026-08-12T13:53:38.499Z"}
{"durationMs":10,"level":"info","message":"HTTP request","method":"POST","path":"/api/listings/39/bookings","statusCode":201,"timestamp":"2026-08-12T13:53:38.514Z"}
{"durationMs":29,"level":"info","message":"HTTP request","method":"POST","path":"/api/listings/39/bookings","statusCode":409,"timestamp":"2026-08-12T13:53:38.548Z"}
{"durationMs":301,"level":"info","message":"HTTP request","method":"POST","path":"/api/auth/register","statusCode":201,"timestamp":"2026-08-12T13:53:38.853Z"}
{"durationMs":288,"level":"info","message":"HTTP request","method":"POST","path":"/api/auth/login","statusCode":200,"timestamp":"2026-08-12T13:53:39.145Z"}
{"durationMs":281,"level":"info","message":"HTTP request","method":"POST","path":"/api/auth/register","statusCode":201,"timestamp":"2026-08-12T13:53:39.430Z"}
{"durationMs":285,"level":"info","message":"HTTP request","method":"POST","path":"/api/auth/login","statusCode":200,"timestamp":"2026-08-12T13:53:39.717Z"}
{"durationMs":6,"level":"info","message":"HTTP request","method":"POST","path":"/api/listings","statusCode":201,"timestamp":"2026-08-12T13:53:39.726Z"}
{"durationMs":2,"level":"info","message":"HTTP request","method":"PUT","path":"/api/listings/40","statusCode":404,"timestamp":"2026-08-12T13:53:39.734Z"}
{"durationMs":322,"level":"info","message":"HTTP request","method":"POST","path":"/api/auth/register","statusCode":201,"timestamp":"2026-08-12T13:55:25.351Z"}
{"durationMs":281,"level":"info","message":"HTTP request","method":"POST","path":"/api/auth/register","statusCode":201,"timestamp":"2026-08-12T13:55:25.652Z"}
{"durationMs":292,"level":"info","message":"HTTP request","method":"POST","path":"/api/auth/register","statusCode":201,"timestamp":"2026-08-12T13:55:25.954Z"}
{"durationMs":334,"level":"info","message":"HTTP request","method":"POST","path":"/api/auth/login","statusCode":200,"timestamp":"2026-08-12T13:55:26.296Z"}
{"durationMs":316,"level":"info","message":"HTTP request","method":"POST","path":"/api/auth/register","statusCode":201,"timestamp":"2026-08-12T13:55:26.620Z"}
{"durationMs":282,"level":"info","message":"HTTP request","method":"POST","path":"/api/auth/login","statusCode":200,"timestamp":"2026-08-12T13:55:26.908Z"}
{"durationMs":328,"level":"info","message":"HTTP request","method":"POST","path":"/api/auth/register","statusCode":201,"timestamp":"2026-08-12T13:55:27.242Z"}
{"durationMs":282,"level":"info","message":"HTTP request","method":"POST","path":"/api/auth/login","statusCode":200,"timestamp":"2026-08-12T13:55:27.528Z"}
{"durationMs":11,"level":"info","message":"HTTP request","method":"POST","path":"/api/listings","statusCode":201,"timestamp":"2026-08-12T13:55:27.544Z"}
{"durationMs":311,"level":"info","message":"HTTP request","method":"POST","path":"/api/auth/register","statusCode":201,"timestamp":"2026-08-12T13:55:27.861Z"}
{"durationMs":314,"level":"info","message":"HTTP request","method":"POST","path":"/api/auth/login","statusCode":200,"timestamp":"2026-08-12T13:55:28.180Z"}
{"durationMs":1,"level":"info","message":"HTTP request","method":"POST","path":"/api/listings","statusCode":403,"timestamp":"2026-08-12T13:55:28.185Z"}
{"durationMs":281,"level":"info","message":"HTTP request","method":"POST","path":"/api/auth/register","statusCode":201,"timestamp":"2026-08-12T13:55:28.470Z"}
{"durationMs":287,"level":"info","message":"HTTP request","method":"POST","path":"/api/auth/login","statusCode":200,"timestamp":"2026-08-12T13:55:28.762Z"}
{"durationMs":290,"level":"info","message":"HTTP request","method":"POST","path":"/api/auth/register","statusCode":201,"timestamp":"2026-08-12T13:55:29.057Z"}
{"durationMs":283,"level":"info","message":"HTTP request","method":"POST","path":"/api/auth/login","statusCode":200,"timestamp":"2026-08-12T13:55:29.344Z"}
{"durationMs":5,"level":"info","message":"HTTP request","method":"POST","path":"/api/listings","statusCode":201,"timestamp":"2026-08-12T13:55:29.354Z"}
{"durationMs":17,"level":"info","message":"HTTP request","method":"POST","path":"/api/listings/42/bookings","statusCode":201,"timestamp":"2026-08-12T13:55:29.375Z"}
{"durationMs":280,"level":"info","message":"HTTP request","method":"POST","path":"/api/auth/register","statusCode":201,"timestamp":"2026-08-12T13:55:29.659Z"}
{"durationMs":288,"level":"info","message":"HTTP request","method":"POST","path":"/api/auth/login","statusCode":200,"timestamp":"2026-08-12T13:55:29.949Z"}
{"durationMs":283,"level":"info","message":"HTTP request","method":"POST","path":"/api/auth/register","statusCode":201,"timestamp":"2026-08-12T13:55:30.235Z"}
{"durationMs":287,"level":"info","message":"HTTP request","method":"POST","path":"/api/auth/login","statusCode":200,"timestamp":"2026-08-12T13:55:30.526Z"}
{"durationMs":5,"level":"info","message":"HTTP request","method":"POST","path":"/api/listings","statusCode":201,"timestamp":"2026-08-12T13:55:30.535Z"}
{"durationMs":1,"level":"info","message":"HTTP request","method":"POST","path":"/api/listings/43/bookings","statusCode":403,"timestamp":"2026-08-12T13:55:30.539Z"}
{"durationMs":300,"level":"info","message":"HTTP request","method":"POST","path":"/api/auth/register","statusCode":201,"timestamp":"2026-08-12T13:55:30.846Z"}
{"durationMs":304,"level":"info","message":"HTTP request","method":"POST","path":"/api/auth/login","statusCode":200,"timestamp":"2026-08-12T13:55:31.157Z"}
{"durationMs":278,"level":"info","message":"HTTP request","method":"POST","path":"/api/auth/register","statusCode":201,"timestamp":"2026-08-12T13:55:31.441Z"}
{"durationMs":288,"level":"info","message":"HTTP request","method":"POST","path":"/api/auth/login","statusCode":200,"timestamp":"2026-08-12T13:55:31.734Z"}
{"durationMs":10,"level":"info","message":"HTTP request","method":"POST","path":"/api/listings","statusCode":201,"timestamp":"2026-08-12T13:55:31.747Z"}
{"durationMs":10,"level":"info","message":"HTTP request","method":"POST","path":"/api/listings/44/bookings","statusCode":201,"timestamp":"2026-08-12T13:55:31.761Z"}
{"durationMs":26,"level":"info","message":"HTTP request","method":"POST","path":"/api/listings/44/bookings","statusCode":409,"timestamp":"2026-08-12T13:55:31.790Z"}
{"durationMs":294,"level":"info","message":"HTTP request","method":"POST","path":"/api/auth/register","statusCode":201,"timestamp":"2026-08-12T13:55:32.090Z"}
{"durationMs":296,"level":"info","message":"HTTP request","method":"POST","path":"/api/auth/login","statusCode":200,"timestamp":"2026-08-12T13:55:32.391Z"}
{"durationMs":279,"level":"info","message":"HTTP request","method":"POST","path":"/api/auth/register","statusCode":201,"timestamp":"2026-08-12T13:55:32.674Z"}
{"durationMs":305,"level":"info","message":"HTTP request","method":"POST","path":"/api/auth/login","statusCode":200,"timestamp":"2026-08-12T13:55:32.982Z"}
{"durationMs":5,"level":"info","message":"HTTP request","method":"POST","path":"/api/listings","statusCode":201,"timestamp":"2026-08-12T13:55:32.994Z"}
{"durationMs":115,"level":"info","message":"HTTP request","method":"PUT","path":"/api/listings","statusCode":500,"timestamp":"2026-08-12T13:55:33.113Z"}
{"durationMs":310,"level":"info","message":"HTTP request","method":"POST","path":"/api/auth/register","statusCode":201,"timestamp":"2026-08-12T13:56:35.844Z"}
{"durationMs":291,"level":"info","message":"HTTP request","method":"POST","path":"/api/auth/register","statusCode":201,"timestamp":"2026-08-12T13:56:36.150Z"}
{"durationMs":296,"level":"info","message":"HTTP request","method":"POST","path":"/api/auth/register","statusCode":201,"timestamp":"2026-08-12T13:56:36.456Z"}
{"durationMs":300,"level":"info","message":"HTTP request","method":"POST","path":"/api/auth/login","statusCode":200,"timestamp":"2026-08-12T13:56:36.763Z"}
{"durationMs":288,"level":"info","message":"HTTP request","method":"POST","path":"/api/auth/register","statusCode":201,"timestamp":"2026-08-12T13:56:37.058Z"}
{"durationMs":308,"level":"info","message":"HTTP request","method":"POST","path":"/api/auth/login","statusCode":200,"timestamp":"2026-08-12T13:56:37.372Z"}
{"durationMs":289,"level":"info","message":"HTTP request","method":"POST","path":"/api/auth/register","statusCode":201,"timestamp":"2026-08-12T13:56:37.669Z"}
{"durationMs":278,"level":"info","message":"HTTP request","method":"POST","path":"/api/auth/login","statusCode":200,"timestamp":"2026-08-12T13:56:37.951Z"}
{"durationMs":12,"level":"info","message":"HTTP request","method":"POST","path":"/api/listings","statusCode":201,"timestamp":"2026-08-12T13:56:37.968Z"}
{"durationMs":302,"level":"info","message":"HTTP request","method":"POST","path":"/api/auth/register","statusCode":201,"timestamp":"2026-08-12T13:56:38.277Z"}
{"durationMs":299,"level":"info","message":"HTTP request","method":"POST","path":"/api/auth/login","statusCode":200,"timestamp":"2026-08-12T13:56:38.582Z"}
{"durationMs":3,"level":"info","message":"HTTP request","method":"POST","path":"/api/listings","statusCode":403,"timestamp":"2026-08-12T13:56:38.590Z"}
{"durationMs":279,"level":"info","message":"HTTP request","method":"POST","path":"/api/auth/register","statusCode":201,"timestamp":"2026-08-12T13:56:38.874Z"}
{"durationMs":280,"level":"info","message":"HTTP request","method":"POST","path":"/api/auth/login","statusCode":200,"timestamp":"2026-08-12T13:56:39.159Z"}
{"durationMs":302,"level":"info","message":"HTTP request","method":"POST","path":"/api/auth/register","statusCode":201,"timestamp":"2026-08-12T13:56:39.463Z"}
{"durationMs":286,"level":"info","message":"HTTP request","method":"POST","path":"/api/auth/login","statusCode":200,"timestamp":"2026-08-12T13:56:39.752Z"}
{"durationMs":7,"level":"info","message":"HTTP request","method":"POST","path":"/api/listings","statusCode":201,"timestamp":"2026-08-12T13:56:39.763Z"}
{"durationMs":11,"level":"info","message":"HTTP request","method":"POST","path":"/api/listings/47/bookings","statusCode":201,"timestamp":"2026-08-12T13:56:39.778Z"}
{"durationMs":296,"level":"info","message":"HTTP request","method":"POST","path":"/api/auth/register","statusCode":201,"timestamp":"2026-08-12T13:56:40.079Z"}
{"durationMs":282,"level":"info","message":"HTTP request","method":"POST","path":"/api/auth/login","statusCode":200,"timestamp":"2026-08-12T13:56:40.365Z"}
{"durationMs":284,"level":"info","message":"HTTP request","method":"POST","path":"/api/auth/register","statusCode":201,"timestamp":"2026-08-12T13:56:40.653Z"}
{"durationMs":305,"level":"info","message":"HTTP request","method":"POST","path":"/api/auth/login","statusCode":200,"timestamp":"2026-08-12T13:56:40.963Z"}
{"durationMs":8,"level":"info","message":"HTTP request","method":"POST","path":"/api/listings","statusCode":201,"timestamp":"2026-08-12T13:56:40.975Z"}
{"durationMs":1,"level":"info","message":"HTTP request","method":"POST","path":"/api/listings/48/bookings","statusCode":403,"timestamp":"2026-08-12T13:56:40.978Z"}
{"durationMs":293,"level":"info","message":"HTTP request","method":"POST","path":"/api/auth/register","statusCode":201,"timestamp":"2026-08-12T13:56:41.275Z"}
{"durationMs":296,"level":"info","message":"HTTP request","method":"POST","path":"/api/auth/login","statusCode":200,"timestamp":"2026-08-12T13:56:41.574Z"}
{"durationMs":285,"level":"info","message":"HTTP request","method":"POST","path":"/api/auth/register","statusCode":201,"timestamp":"2026-08-12T13:56:41.863Z"}
{"durationMs":304,"level":"info","message":"HTTP request","method":"POST","path":"/api/auth/login","statusCode":200,"timestamp":"2026-08-12T13:56:42.173Z"}
{"durationMs":7,"level":"info","message":"HTTP request","method":"POST","path":"/api/listings","statusCode":201,"timestamp":"2026-08-12T13:56:42.184Z"}
{"durationMs":7,"level":"info","message":"HTTP request","method":"POST","path":"/api/listings/49/bookings","statusCode":201,"timestamp":"2026-08-12T13:56:42.194Z"}
{"durationMs":22,"level":"info","message":"HTTP request","method":"POST","path":"/api/listings/49/bookings","statusCode":409,"timestamp":"2026-08-12T13:56:42.218Z"}
{"durationMs":283,"level":"info","message":"HTTP request","method":"POST","path":"/api/auth/register","statusCode":201,"timestamp":"2026-08-12T13:56:42.504Z"}
{"durationMs":277,"level":"info","message":"HTTP request","method":"POST","path":"/api/auth/login","statusCode":200,"timestamp":"2026-08-12T13:56:42.785Z"}
{"durationMs":293,"level":"info","message":"HTTP request","method":"POST","path":"/api/auth/register","statusCode":201,"timestamp":"2026-08-12T13:56:43.082Z"}
{"durationMs":290,"level":"info","message":"HTTP request","method":"POST","path":"/api/auth/login","statusCode":200,"timestamp":"2026-08-12T13:56:43.374Z"}
{"durationMs":7,"level":"info","message":"HTTP request","method":"POST","path":"/api/listings","statusCode":201,"timestamp":"2026-08-12T13:56:43.384Z"}
{"durationMs":98,"level":"info","message":"HTTP request","method":"PUT","path":"/api/listings","statusCode":500,"timestamp":"2026-08-12T13:56:43.491Z"}
{"durationMs":319,"level":"info","message":"HTTP request","method":"POST","path":"/api/auth/register","statusCode":201,"timestamp":"2026-08-12T13:57:25.715Z"}
{"durationMs":294,"level":"info","message":"HTTP request","method":"POST","path":"/api/auth/register","statusCode":201,"timestamp":"2026-08-12T13:57:26.029Z"}
{"durationMs":299,"level":"info","message":"HTTP request","method":"POST","path":"/api/auth/register","statusCode":201,"timestamp":"2026-08-12T13:57:26.338Z"}
{"durationMs":296,"level":"info","message":"HTTP request","method":"POST","path":"/api/auth/login","statusCode":200,"timestamp":"2026-08-12T13:57:26.640Z"}
{"durationMs":295,"level":"info","message":"HTTP request","method":"POST","path":"/api/auth/register","statusCode":201,"timestamp":"2026-08-12T13:57:26.941Z"}
{"durationMs":283,"level":"info","message":"HTTP request","method":"POST","path":"/api/auth/login","statusCode":200,"timestamp":"2026-08-12T13:57:27.229Z"}
{"durationMs":289,"level":"info","message":"HTTP request","method":"POST","path":"/api/auth/register","statusCode":201,"timestamp":"2026-08-12T13:57:27.527Z"}
{"durationMs":282,"level":"info","message":"HTTP request","method":"POST","path":"/api/auth/login","statusCode":200,"timestamp":"2026-08-12T13:57:27.812Z"}
{"durationMs":11,"level":"info","message":"HTTP request","method":"POST","path":"/api/listings","statusCode":201,"timestamp":"2026-08-12T13:57:27.829Z"}
{"durationMs":280,"level":"info","message":"HTTP request","method":"POST","path":"/api/auth/register","statusCode":201,"timestamp":"2026-08-12T13:57:28.115Z"}
{"durationMs":294,"level":"info","message":"HTTP request","method":"POST","path":"/api/auth/login","statusCode":200,"timestamp":"2026-08-12T13:57:28.415Z"}
{"durationMs":1,"level":"info","message":"HTTP request","method":"POST","path":"/api/listings","statusCode":403,"timestamp":"2026-08-12T13:57:28.420Z"}
{"durationMs":301,"level":"info","message":"HTTP request","method":"POST","path":"/api/auth/register","statusCode":201,"timestamp":"2026-08-12T13:57:28.728Z"}
{"durationMs":309,"level":"info","message":"HTTP request","method":"POST","path":"/api/auth/login","statusCode":200,"timestamp":"2026-08-12T13:57:29.041Z"}
{"durationMs":303,"level":"info","message":"HTTP request","method":"POST","path":"/api/auth/register","statusCode":201,"timestamp":"2026-08-12T13:57:29.349Z"}
{"durationMs":280,"level":"info","message":"HTTP request","method":"POST","path":"/api/auth/login","statusCode":200,"timestamp":"2026-08-12T13:57:29.635Z"}
{"durationMs":7,"level":"info","message":"HTTP request","method":"POST","path":"/api/listings","statusCode":201,"timestamp":"2026-08-12T13:57:29.645Z"}
{"durationMs":12,"level":"info","message":"HTTP request","method":"POST","path":"/api/listings/52/bookings","statusCode":201,"timestamp":"2026-08-12T13:57:29.660Z"}
{"durationMs":288,"level":"info","message":"HTTP request","method":"POST","path":"/api/auth/register","statusCode":201,"timestamp":"2026-08-12T13:57:29.953Z"}
{"durationMs":299,"level":"info","message":"HTTP request","method":"POST","path":"/api/auth/login","statusCode":200,"timestamp":"2026-08-12T13:57:30.256Z"}
{"durationMs":291,"level":"info","message":"HTTP request","method":"POST","path":"/api/auth/register","statusCode":201,"timestamp":"2026-08-12T13:57:30.552Z"}
{"durationMs":291,"level":"info","message":"HTTP request","method":"POST","path":"/api/auth/login","statusCode":200,"timestamp":"2026-08-12T13:57:30.848Z"}
{"durationMs":5,"level":"info","message":"HTTP request","method":"POST","path":"/api/listings","statusCode":201,"timestamp":"2026-08-12T13:57:30.857Z"}
{"durationMs":1,"level":"info","message":"HTTP request","method":"POST","path":"/api/listings/53/bookings","statusCode":403,"timestamp":"2026-08-12T13:57:30.862Z"}
{"durationMs":295,"level":"info","message":"HTTP request","method":"POST","path":"/api/auth/register","statusCode":201,"timestamp":"2026-08-12T13:57:31.160Z"}
{"durationMs":298,"level":"info","message":"HTTP request","method":"POST","path":"/api/auth/login","statusCode":200,"timestamp":"2026-08-12T13:57:31.462Z"}
{"durationMs":283,"level":"info","message":"HTTP request","method":"POST","path":"/api/auth/register","statusCode":201,"timestamp":"2026-08-12T13:57:31.748Z"}
{"durationMs":281,"level":"info","message":"HTTP request","method":"POST","path":"/api/auth/login","statusCode":200,"timestamp":"2026-08-12T13:57:32.033Z"}
{"durationMs":9,"level":"info","message":"HTTP request","method":"POST","path":"/api/listings","statusCode":201,"timestamp":"2026-08-12T13:57:32.047Z"}
{"durationMs":7,"level":"info","message":"HTTP request","method":"POST","path":"/api/listings/54/bookings","statusCode":201,"timestamp":"2026-08-12T13:57:32.056Z"}
{"durationMs":23,"level":"info","message":"HTTP request","method":"POST","path":"/api/listings/54/bookings","statusCode":409,"timestamp":"2026-08-12T13:57:32.082Z"}
{"durationMs":304,"level":"info","message":"HTTP request","method":"POST","path":"/api/auth/register","statusCode":201,"timestamp":"2026-08-12T13:57:32.390Z"}
{"durationMs":279,"level":"info","message":"HTTP request","method":"POST","path":"/api/auth/login","statusCode":200,"timestamp":"2026-08-12T13:57:32.673Z"}
{"durationMs":293,"level":"info","message":"HTTP request","method":"POST","path":"/api/auth/register","statusCode":201,"timestamp":"2026-08-12T13:57:32.970Z"}
{"durationMs":292,"level":"info","message":"HTTP request","method":"POST","path":"/api/auth/login","statusCode":200,"timestamp":"2026-08-12T13:57:33.265Z"}
{"durationMs":6,"level":"info","message":"HTTP request","method":"POST","path":"/api/listings","statusCode":201,"timestamp":"2026-08-12T13:57:33.275Z"}
{"durationMs":76,"level":"info","message":"HTTP request","method":"PUT","path":"/api/listings/55","statusCode":500,"timestamp":"2026-08-12T13:57:33.361Z"}
{"durationMs":315,"level":"info","message":"HTTP request","method":"POST","path":"/api/auth/register","statusCode":201,"timestamp":"2026-08-12T13:58:26.485Z"}
{"durationMs":291,"level":"info","message":"HTTP request","method":"POST","path":"/api/auth/register","statusCode":201,"timestamp":"2026-08-12T13:58:26.795Z"}
{"durationMs":302,"level":"info","message":"HTTP request","method":"POST","path":"/api/auth/register","statusCode":201,"timestamp":"2026-08-12T13:58:27.107Z"}
{"durationMs":303,"level":"info","message":"HTTP request","method":"POST","path":"/api/auth/login","statusCode":200,"timestamp":"2026-08-12T13:58:27.416Z"}
{"durationMs":285,"level":"info","message":"HTTP request","method":"POST","path":"/api/auth/register","statusCode":201,"timestamp":"2026-08-12T13:58:27.715Z"}
{"durationMs":288,"level":"info","message":"HTTP request","method":"POST","path":"/api/auth/login","statusCode":200,"timestamp":"2026-08-12T13:58:28.010Z"}
{"durationMs":292,"level":"info","message":"HTTP request","method":"POST","path":"/api/auth/register","statusCode":201,"timestamp":"2026-08-12T13:58:28.308Z"}
{"durationMs":288,"level":"info","message":"HTTP request","method":"POST","path":"/api/auth/login","statusCode":200,"timestamp":"2026-08-12T13:58:28.601Z"}
{"durationMs":10,"level":"info","message":"HTTP request","method":"POST","path":"/api/listings","statusCode":201,"timestamp":"2026-08-12T13:58:28.616Z"}
{"durationMs":291,"level":"info","message":"HTTP request","method":"POST","path":"/api/auth/register","statusCode":201,"timestamp":"2026-08-12T13:58:28.913Z"}
{"durationMs":300,"level":"info","message":"HTTP request","method":"POST","path":"/api/auth/login","statusCode":200,"timestamp":"2026-08-12T13:58:29.221Z"}
{"durationMs":1,"level":"info","message":"HTTP request","method":"POST","path":"/api/listings","statusCode":403,"timestamp":"2026-08-12T13:58:29.226Z"}
{"durationMs":287,"level":"info","message":"HTTP request","method":"POST","path":"/api/auth/register","statusCode":201,"timestamp":"2026-08-12T13:58:29.519Z"}
{"durationMs":286,"level":"info","message":"HTTP request","method":"POST","path":"/api/auth/login","statusCode":200,"timestamp":"2026-08-12T13:58:29.809Z"}
{"durationMs":286,"level":"info","message":"HTTP request","method":"POST","path":"/api/auth/register","statusCode":201,"timestamp":"2026-08-12T13:58:30.098Z"}
{"durationMs":284,"level":"info","message":"HTTP request","method":"POST","path":"/api/auth/login","statusCode":200,"timestamp":"2026-08-12T13:58:30.386Z"}
{"durationMs":5,"level":"info","message":"HTTP request","method":"POST","path":"/api/listings","statusCode":201,"timestamp":"2026-08-12T13:58:30.395Z"}
{"durationMs":10,"level":"info","message":"HTTP request","method":"POST","path":"/api/listings/57/bookings","statusCode":201,"timestamp":"2026-08-12T13:58:30.409Z"}
{"durationMs":286,"level":"info","message":"HTTP request","method":"POST","path":"/api/auth/register","statusCode":201,"timestamp":"2026-08-12T13:58:30.699Z"}
{"durationMs":294,"level":"info","message":"HTTP request","method":"POST","path":"/api/auth/login","statusCode":200,"timestamp":"2026-08-12T13:58:30.999Z"}
{"durationMs":297,"level":"info","message":"HTTP request","method":"POST","path":"/api/auth/register","statusCode":201,"timestamp":"2026-08-12T13:58:31.299Z"}
{"durationMs":291,"level":"info","message":"HTTP request","method":"POST","path":"/api/auth/login","statusCode":200,"timestamp":"2026-08-12T13:58:31.593Z"}
{"durationMs":6,"level":"info","message":"HTTP request","method":"POST","path":"/api/listings","statusCode":201,"timestamp":"2026-08-12T13:58:31.603Z"}
{"durationMs":1,"level":"info","message":"HTTP request","method":"POST","path":"/api/listings/58/bookings","statusCode":403,"timestamp":"2026-08-12T13:58:31.608Z"}
{"durationMs":289,"level":"info","message":"HTTP request","method":"POST","path":"/api/auth/register","statusCode":201,"timestamp":"2026-08-12T13:58:31.902Z"}
{"durationMs":298,"level":"info","message":"HTTP request","method":"POST","path":"/api/auth/login","statusCode":200,"timestamp":"2026-08-12T13:58:32.205Z"}
{"durationMs":285,"level":"info","message":"HTTP request","method":"POST","path":"/api/auth/register","statusCode":201,"timestamp":"2026-08-12T13:58:32.493Z"}
{"durationMs":285,"level":"info","message":"HTTP request","method":"POST","path":"/api/auth/login","statusCode":200,"timestamp":"2026-08-12T13:58:32.781Z"}
{"durationMs":6,"level":"info","message":"HTTP request","method":"POST","path":"/api/listings","statusCode":201,"timestamp":"2026-08-12T13:58:32.791Z"}
{"durationMs":7,"level":"info","message":"HTTP request","method":"POST","path":"/api/listings/59/bookings","statusCode":201,"timestamp":"2026-08-12T13:58:32.801Z"}
{"durationMs":22,"level":"info","message":"HTTP request","method":"POST","path":"/api/listings/59/bookings","statusCode":409,"timestamp":"2026-08-12T13:58:32.826Z"}
{"durationMs":290,"level":"info","message":"HTTP request","method":"POST","path":"/api/auth/register","statusCode":201,"timestamp":"2026-08-12T13:58:33.119Z"}
{"durationMs":286,"level":"info","message":"HTTP request","method":"POST","path":"/api/auth/login","statusCode":200,"timestamp":"2026-08-12T13:58:33.409Z"}
{"durationMs":285,"level":"info","message":"HTTP request","method":"POST","path":"/api/auth/register","statusCode":201,"timestamp":"2026-08-12T13:58:33.698Z"}
{"durationMs":285,"level":"info","message":"HTTP request","method":"POST","path":"/api/auth/login","statusCode":200,"timestamp":"2026-08-12T13:58:33.988Z"}
{"durationMs":7,"level":"info","message":"HTTP request","method":"POST","path":"/api/listings","statusCode":201,"timestamp":"2026-08-12T13:58:33.999Z"}
{"durationMs":16,"level":"info","message":"HTTP request","method":"PUT","path":"/api/listings/60","statusCode":404,"timestamp":"2026-08-12T13:58:34.025Z"}
{"durationMs":322,"level":"info","message":"HTTP request","method":"POST","path":"/api/auth/register","statusCode":201,"timestamp":"2026-08-12T14:00:19.990Z"}
{"durationMs":292,"level":"info","message":"HTTP request","method":"POST","path":"/api/auth/register","statusCode":201,"timestamp":"2026-08-12T14:00:20.298Z"}
{"durationMs":304,"level":"info","message":"HTTP request","method":"POST","path":"/api/auth/register","statusCode":201,"timestamp":"2026-08-12T14:00:20.610Z"}
{"durationMs":313,"level":"info","message":"HTTP request","method":"POST","path":"/api/auth/login","statusCode":200,"timestamp":"2026-08-12T14:00:20.931Z"}
{"durationMs":289,"level":"info","message":"HTTP request","method":"POST","path":"/api/auth/register","statusCode":201,"timestamp":"2026-08-12T14:00:21.224Z"}
{"durationMs":306,"level":"info","message":"HTTP request","method":"POST","path":"/api/auth/login","statusCode":200,"timestamp":"2026-08-12T14:00:21.535Z"}
{"durationMs":305,"level":"info","message":"HTTP request","method":"POST","path":"/api/auth/register","statusCode":201,"timestamp":"2026-08-12T14:00:21.846Z"}
{"durationMs":282,"level":"info","message":"HTTP request","method":"POST","path":"/api/auth/login","statusCode":200,"timestamp":"2026-08-12T14:00:22.131Z"}
{"durationMs":9,"level":"info","message":"HTTP request","method":"POST","path":"/api/listings","statusCode":201,"timestamp":"2026-08-12T14:00:22.144Z"}
{"durationMs":290,"level":"info","message":"HTTP request","method":"POST","path":"/api/auth/register","statusCode":201,"timestamp":"2026-08-12T14:00:22.440Z"}
{"durationMs":289,"level":"info","message":"HTTP request","method":"POST","path":"/api/auth/login","statusCode":200,"timestamp":"2026-08-12T14:00:22.735Z"}
{"durationMs":1,"level":"info","message":"HTTP request","method":"POST","path":"/api/listings","statusCode":403,"timestamp":"2026-08-12T14:00:22.741Z"}
{"durationMs":292,"level":"info","message":"HTTP request","method":"POST","path":"/api/auth/register","statusCode":201,"timestamp":"2026-08-12T14:00:23.037Z"}
{"durationMs":285,"level":"info","message":"HTTP request","method":"POST","path":"/api/auth/login","statusCode":200,"timestamp":"2026-08-12T14:00:23.326Z"}
{"durationMs":288,"level":"info","message":"HTTP request","method":"POST","path":"/api/auth/register","statusCode":201,"timestamp":"2026-08-12T14:00:23.619Z"}
{"durationMs":301,"level":"info","message":"HTTP request","method":"POST","path":"/api/auth/login","statusCode":200,"timestamp":"2026-08-12T14:00:23.924Z"}
{"durationMs":6,"level":"info","message":"HTTP request","method":"POST","path":"/api/listings","statusCode":201,"timestamp":"2026-08-12T14:00:23.934Z"}
{"durationMs":16,"level":"info","message":"HTTP request","method":"POST","path":"/api/listings/62/bookings","statusCode":201,"timestamp":"2026-08-12T14:00:23.954Z"}
{"durationMs":303,"level":"info","message":"HTTP request","method":"POST","path":"/api/auth/register","statusCode":201,"timestamp":"2026-08-12T14:00:24.263Z"}
{"durationMs":284,"level":"info","message":"HTTP request","method":"POST","path":"/api/auth/login","statusCode":200,"timestamp":"2026-08-12T14:00:24.552Z"}
{"durationMs":287,"level":"info","message":"HTTP request","method":"POST","path":"/api/auth/register","statusCode":201,"timestamp":"2026-08-12T14:00:24.843Z"}
{"durationMs":282,"level":"info","message":"HTTP request","method":"POST","path":"/api/auth/login","statusCode":200,"timestamp":"2026-08-12T14:00:25.130Z"}
{"durationMs":6,"level":"info","message":"HTTP request","method":"POST","path":"/api/listings","statusCode":201,"timestamp":"2026-08-12T14:00:25.140Z"}
{"durationMs":1,"level":"info","message":"HTTP request","method":"POST","path":"/api/listings/63/bookings","statusCode":403,"timestamp":"2026-08-12T14:00:25.144Z"}
{"durationMs":281,"level":"info","message":"HTTP request","method":"POST","path":"/api/auth/register","statusCode":201,"timestamp":"2026-08-12T14:00:25.430Z"}
{"durationMs":294,"level":"info","message":"HTTP request","method":"POST","path":"/api/auth/login","statusCode":200,"timestamp":"2026-08-12T14:00:25.728Z"}
{"durationMs":284,"level":"info","message":"HTTP request","method":"POST","path":"/api/auth/register","statusCode":201,"timestamp":"2026-08-12T14:00:26.016Z"}
{"durationMs":283,"level":"info","message":"HTTP request","method":"POST","path":"/api/auth/login","statusCode":200,"timestamp":"2026-08-12T14:00:26.303Z"}
{"durationMs":6,"level":"info","message":"HTTP request","method":"POST","path":"/api/listings","statusCode":201,"timestamp":"2026-08-12T14:00:26.312Z"}
{"durationMs":7,"level":"info","message":"HTTP request","method":"POST","path":"/api/listings/64/bookings","statusCode":201,"timestamp":"2026-08-12T14:00:26.323Z"}
{"durationMs":21,"level":"info","message":"HTTP request","method":"POST","path":"/api/listings/64/bookings","statusCode":409,"timestamp":"2026-08-12T14:00:26.347Z"}
{"durationMs":289,"level":"info","message":"HTTP request","method":"POST","path":"/api/auth/register","statusCode":201,"timestamp":"2026-08-12T14:00:26.641Z"}
{"durationMs":290,"level":"info","message":"HTTP request","method":"POST","path":"/api/auth/login","statusCode":200,"timestamp":"2026-08-12T14:00:26.938Z"}
{"durationMs":283,"level":"info","message":"HTTP request","method":"POST","path":"/api/auth/register","statusCode":201,"timestamp":"2026-08-12T14:00:27.225Z"}
{"durationMs":285,"level":"info","message":"HTTP request","method":"POST","path":"/api/auth/login","statusCode":200,"timestamp":"2026-08-12T14:00:27.514Z"}
{"durationMs":7,"level":"info","message":"HTTP request","method":"POST","path":"/api/listings","statusCode":201,"timestamp":"2026-08-12T14:00:27.524Z"}
{"durationMs":19,"level":"info","message":"HTTP request","method":"PUT","path":"/api/listings/65","statusCode":404,"timestamp":"2026-08-12T14:00:27.552Z"}
{"durationMs":314,"level":"info","message":"HTTP request","method":"POST","path":"/api/auth/register","statusCode":201,"timestamp":"2026-08-12T14:02:36.571Z"}
{"durationMs":288,"level":"info","message":"HTTP request","method":"POST","path":"/api/auth/register","statusCode":201,"timestamp":"2026-08-12T14:02:36.877Z"}
{"durationMs":296,"level":"info","message":"HTTP request","method":"POST","path":"/api/auth/register","statusCode":201,"timestamp":"2026-08-12T14:02:37.181Z"}
{"durationMs":296,"level":"info","message":"HTTP request","method":"POST","path":"/api/auth/login","statusCode":200,"timestamp":"2026-08-12T14:02:37.483Z"}
{"durationMs":301,"level":"info","message":"HTTP request","method":"POST","path":"/api/auth/register","statusCode":201,"timestamp":"2026-08-12T14:02:37.793Z"}
{"durationMs":318,"level":"info","message":"HTTP request","method":"POST","path":"/api/auth/login","statusCode":200,"timestamp":"2026-08-12T14:02:38.118Z"}
{"durationMs":299,"level":"info","message":"HTTP request","method":"POST","path":"/api/auth/register","statusCode":201,"timestamp":"2026-08-12T14:02:38.424Z"}
{"durationMs":315,"level":"info","message":"HTTP request","method":"POST","path":"/api/auth/login","statusCode":200,"timestamp":"2026-08-12T14:02:38.746Z"}
{"durationMs":12,"level":"info","message":"HTTP request","method":"POST","path":"/api/listings","statusCode":201,"timestamp":"2026-08-12T14:02:38.767Z"}
{"durationMs":310,"level":"info","message":"HTTP request","method":"POST","path":"/api/auth/register","statusCode":201,"timestamp":"2026-08-12T14:02:39.084Z"}
{"durationMs":285,"level":"info","message":"HTTP request","method":"POST","path":"/api/auth/login","statusCode":200,"timestamp":"2026-08-12T14:02:39.375Z"}
{"durationMs":1,"level":"info","message":"HTTP request","method":"POST","path":"/api/listings","statusCode":403,"timestamp":"2026-08-12T14:02:39.381Z"}
{"durationMs":293,"level":"info","message":"HTTP request","method":"POST","path":"/api/auth/register","statusCode":201,"timestamp":"2026-08-12T14:02:39.681Z"}
{"durationMs":280,"level":"info","message":"HTTP request","method":"POST","path":"/api/auth/login","statusCode":200,"timestamp":"2026-08-12T14:02:39.964Z"}
{"durationMs":293,"level":"info","message":"HTTP request","method":"POST","path":"/api/auth/register","statusCode":201,"timestamp":"2026-08-12T14:02:40.262Z"}
{"durationMs":288,"level":"info","message":"HTTP request","method":"POST","path":"/api/auth/login","statusCode":200,"timestamp":"2026-08-12T14:02:40.555Z"}
{"durationMs":6,"level":"info","message":"HTTP request","method":"POST","path":"/api/listings","statusCode":201,"timestamp":"2026-08-12T14:02:40.565Z"}
{"durationMs":11,"level":"info","message":"HTTP request","method":"POST","path":"/api/listings/67/bookings","statusCode":201,"timestamp":"2026-08-12T14:02:40.580Z"}
{"durationMs":284,"level":"info","message":"HTTP request","method":"POST","path":"/api/auth/register","statusCode":201,"timestamp":"2026-08-12T14:02:40.868Z"}
{"durationMs":290,"level":"info","message":"HTTP request","method":"POST","path":"/api/auth/login","statusCode":200,"timestamp":"2026-08-12T14:02:41.162Z"}
{"durationMs":290,"level":"info","message":"HTTP request","method":"POST","path":"/api/auth/register","statusCode":201,"timestamp":"2026-08-12T14:02:41.455Z"}
{"durationMs":284,"level":"info","message":"HTTP request","method":"POST","path":"/api/auth/login","statusCode":200,"timestamp":"2026-08-12T14:02:41.743Z"}
{"durationMs":4,"level":"info","message":"HTTP request","method":"POST","path":"/api/listings","statusCode":201,"timestamp":"2026-08-12T14:02:41.751Z"}
{"durationMs":1,"level":"info","message":"HTTP request","method":"POST","path":"/api/listings/68/bookings","statusCode":403,"timestamp":"2026-08-12T14:02:41.756Z"}
{"durationMs":286,"level":"info","message":"HTTP request","method":"POST","path":"/api/auth/register","statusCode":201,"timestamp":"2026-08-12T14:02:42.046Z"}
{"durationMs":309,"level":"info","message":"HTTP request","method":"POST","path":"/api/auth/login","statusCode":200,"timestamp":"2026-08-12T14:02:42.359Z"}
{"durationMs":289,"level":"info","message":"HTTP request","method":"POST","path":"/api/auth/register","statusCode":201,"timestamp":"2026-08-12T14:02:42.651Z"}
{"durationMs":291,"level":"info","message":"HTTP request","method":"POST","path":"/api/auth/login","statusCode":200,"timestamp":"2026-08-12T14:02:42.946Z"}
{"durationMs":7,"level":"info","message":"HTTP request","method":"POST","path":"/api/listings","statusCode":201,"timestamp":"2026-08-12T14:02:42.956Z"}
{"durationMs":7,"level":"info","message":"HTTP request","method":"POST","path":"/api/listings/69/bookings","statusCode":201,"timestamp":"2026-08-12T14:02:42.967Z"}
{"durationMs":39,"level":"info","message":"HTTP request","method":"POST","path":"/api/listings/69/bookings","statusCode":409,"timestamp":"2026-08-12T14:02:43.009Z"}
{"durationMs":311,"level":"info","message":"HTTP request","method":"POST","path":"/api/auth/register","statusCode":201,"timestamp":"2026-08-12T14:02:43.324Z"}
{"durationMs":307,"level":"info","message":"HTTP request","method":"POST","path":"/api/auth/login","statusCode":200,"timestamp":"2026-08-12T14:02:43.635Z"}
{"durationMs":313,"level":"info","message":"HTTP request","method":"POST","path":"/api/auth/register","statusCode":201,"timestamp":"2026-08-12T14:02:43.953Z"}
{"durationMs":295,"level":"info","message":"HTTP request","method":"POST","path":"/api/auth/login","statusCode":200,"timestamp":"2026-08-12T14:02:44.252Z"}
{"durationMs":8,"level":"info","message":"HTTP request","method":"POST","path":"/api/listings","statusCode":201,"timestamp":"2026-08-12T14:02:44.273Z"}
{"durationMs":27,"level":"info","message":"HTTP request","method":"PUT","path":"/api/listings/70","statusCode":404,"timestamp":"2026-08-12T14:02:44.319Z"}
{"durationMs":351,"level":"info","message":"HTTP request","method":"POST","path":"/api/auth/register","statusCode":201,"timestamp":"2026-08-12T14:05:08.917Z"}
{"durationMs":299,"level":"info","message":"HTTP request","method":"POST","path":"/api/auth/register","statusCode":201,"timestamp":"2026-08-12T14:05:09.236Z"}
{"durationMs":299,"level":"info","message":"HTTP request","method":"POST","path":"/api/auth/register","statusCode":201,"timestamp":"2026-08-12T14:05:09.544Z"}
{"durationMs":299,"level":"info","message":"HTTP request","method":"POST","path":"/api/auth/login","statusCode":200,"timestamp":"2026-08-12T14:05:09.851Z"}
{"durationMs":293,"level":"info","message":"HTTP request","method":"POST","path":"/api/auth/register","statusCode":201,"timestamp":"2026-08-12T14:05:10.149Z"}
{"durationMs":312,"level":"info","message":"HTTP request","method":"POST","path":"/api/auth/login","statusCode":200,"timestamp":"2026-08-12T14:05:10.466Z"}
{"durationMs":292,"level":"info","message":"HTTP request","method":"POST","path":"/api/auth/register","statusCode":201,"timestamp":"2026-08-12T14:05:10.766Z"}
{"durationMs":290,"level":"info","message":"HTTP request","method":"POST","path":"/api/auth/login","statusCode":200,"timestamp":"2026-08-12T14:05:11.059Z"}
{"durationMs":10,"level":"info","message":"HTTP request","method":"POST","path":"/api/listings","statusCode":201,"timestamp":"2026-08-12T14:05:11.075Z"}
{"durationMs":291,"level":"info","message":"HTTP request","method":"POST","path":"/api/auth/register","statusCode":201,"timestamp":"2026-08-12T14:05:11.370Z"}
{"durationMs":315,"level":"info","message":"HTTP request","method":"POST","path":"/api/auth/login","statusCode":200,"timestamp":"2026-08-12T14:05:11.690Z"}
{"durationMs":1,"level":"info","message":"HTTP request","method":"POST","path":"/api/listings","statusCode":403,"timestamp":"2026-08-12T14:05:11.694Z"}
{"durationMs":294,"level":"info","message":"HTTP request","method":"POST","path":"/api/auth/register","statusCode":201,"timestamp":"2026-08-12T14:05:11.993Z"}
{"durationMs":323,"level":"info","message":"HTTP request","method":"POST","path":"/api/auth/login","statusCode":200,"timestamp":"2026-08-12T14:05:12.323Z"}
{"durationMs":303,"level":"info","message":"HTTP request","method":"POST","path":"/api/auth/register","statusCode":201,"timestamp":"2026-08-12T14:05:12.630Z"}
{"durationMs":285,"level":"info","message":"HTTP request","method":"POST","path":"/api/auth/login","statusCode":200,"timestamp":"2026-08-12T14:05:12.919Z"}
{"durationMs":6,"level":"info","message":"HTTP request","method":"POST","path":"/api/listings","statusCode":201,"timestamp":"2026-08-12T14:05:12.929Z"}
{"durationMs":13,"level":"info","message":"HTTP request","method":"POST","path":"/api/listings/72/bookings","statusCode":201,"timestamp":"2026-08-12T14:05:12.949Z"}
{"durationMs":298,"level":"info","message":"HTTP request","method":"POST","path":"/api/auth/register","statusCode":201,"timestamp":"2026-08-12T14:05:13.252Z"}
{"durationMs":299,"level":"info","message":"HTTP request","method":"POST","path":"/api/auth/login","statusCode":200,"timestamp":"2026-08-12T14:05:13.555Z"}
{"durationMs":284,"level":"info","message":"HTTP request","method":"POST","path":"/api/auth/register","statusCode":201,"timestamp":"2026-08-12T14:05:13.843Z"}
{"durationMs":289,"level":"info","message":"HTTP request","method":"POST","path":"/api/auth/login","statusCode":200,"timestamp":"2026-08-12T14:05:14.134Z"}
{"durationMs":7,"level":"info","message":"HTTP request","method":"POST","path":"/api/listings","statusCode":201,"timestamp":"2026-08-12T14:05:14.145Z"}
{"durationMs":1,"level":"info","message":"HTTP request","method":"POST","path":"/api/listings/73/bookings","statusCode":403,"timestamp":"2026-08-12T14:05:14.149Z"}
{"durationMs":288,"level":"info","message":"HTTP request","method":"POST","path":"/api/auth/register","statusCode":201,"timestamp":"2026-08-12T14:05:14.441Z"}
{"durationMs":302,"level":"info","message":"HTTP request","method":"POST","path":"/api/auth/login","statusCode":200,"timestamp":"2026-08-12T14:05:14.746Z"}
{"durationMs":284,"level":"info","message":"HTTP request","method":"POST","path":"/api/auth/register","statusCode":201,"timestamp":"2026-08-12T14:05:15.033Z"}
{"durationMs":294,"level":"info","message":"HTTP request","method":"POST","path":"/api/auth/login","statusCode":200,"timestamp":"2026-08-12T14:05:15.331Z"}
{"durationMs":7,"level":"info","message":"HTTP request","method":"POST","path":"/api/listings","statusCode":201,"timestamp":"2026-08-12T14:05:15.343Z"}
{"durationMs":10,"level":"info","message":"HTTP request","method":"POST","path":"/api/listings/74/bookings","statusCode":201,"timestamp":"2026-08-12T14:05:15.356Z"}
{"durationMs":23,"level":"info","message":"HTTP request","method":"POST","path":"/api/listings/74/bookings","statusCode":409,"timestamp":"2026-08-12T14:05:15.386Z"}
{"durationMs":295,"level":"info","message":"HTTP request","method":"POST","path":"/api/auth/register","statusCode":201,"timestamp":"2026-08-12T14:05:15.685Z"}
{"durationMs":287,"level":"info","message":"HTTP request","method":"POST","path":"/api/auth/login","statusCode":200,"timestamp":"2026-08-12T14:05:15.977Z"}
{"durationMs":331,"level":"info","message":"HTTP request","method":"POST","path":"/api/auth/register","statusCode":201,"timestamp":"2026-08-12T14:05:16.313Z"}
{"durationMs":346,"level":"info","message":"HTTP request","method":"POST","path":"/api/auth/login","statusCode":200,"timestamp":"2026-08-12T14:05:16.664Z"}
{"durationMs":8,"level":"info","message":"HTTP request","method":"POST","path":"/api/listings","statusCode":201,"timestamp":"2026-08-12T14:05:16.678Z"}
{"durationMs":16,"level":"info","message":"HTTP request","method":"PUT","path":"/api/listings/75","statusCode":200,"timestamp":"2026-08-12T14:05:16.711Z"}
{"durationMs":316,"level":"info","message":"HTTP request","method":"POST","path":"/api/auth/register","statusCode":201,"timestamp":"2026-08-12T14:08:16.915Z"}
{"durationMs":287,"level":"info","message":"HTTP request","method":"POST","path":"/api/auth/register","statusCode":201,"timestamp":"2026-08-12T14:08:17.220Z"}
{"durationMs":296,"level":"info","message":"HTTP request","method":"POST","path":"/api/auth/register","statusCode":201,"timestamp":"2026-08-12T14:08:17.525Z"}
{"durationMs":301,"level":"info","message":"HTTP request","method":"POST","path":"/api/auth/login","statusCode":200,"timestamp":"2026-08-12T14:08:17.832Z"}
{"durationMs":294,"level":"info","message":"HTTP request","method":"POST","path":"/api/auth/register","statusCode":201,"timestamp":"2026-08-12T14:08:18.132Z"}
{"durationMs":286,"level":"info","message":"HTTP request","method":"POST","path":"/api/auth/login","statusCode":200,"timestamp":"2026-08-12T14:08:18.423Z"}
{"durationMs":288,"level":"info","message":"HTTP request","method":"POST","path":"/api/auth/register","statusCode":201,"timestamp":"2026-08-12T14:08:18.715Z"}
{"durationMs":291,"level":"info","message":"HTTP request","method":"POST","path":"/api/auth/login","statusCode":200,"timestamp":"2026-08-12T14:08:19.011Z"}
{"durationMs":14,"level":"info","message":"HTTP request","method":"POST","path":"/api/listings","statusCode":201,"timestamp":"2026-08-12T14:08:19.032Z"}
{"durationMs":289,"level":"info","message":"HTTP request","method":"POST","path":"/api/auth/register","statusCode":201,"timestamp":"2026-08-12T14:08:19.328Z"}
{"durationMs":292,"level":"info","message":"HTTP request","method":"POST","path":"/api/auth/login","statusCode":200,"timestamp":"2026-08-12T14:08:19.627Z"}
{"durationMs":1,"level":"info","message":"HTTP request","method":"POST","path":"/api/listings","statusCode":403,"timestamp":"2026-08-12T14:08:19.633Z"}
{"durationMs":287,"level":"info","message":"HTTP request","method":"POST","path":"/api/auth/register","statusCode":201,"timestamp":"2026-08-12T14:08:19.925Z"}
{"durationMs":290,"level":"info","message":"HTTP request","method":"POST","path":"/api/auth/login","statusCode":200,"timestamp":"2026-08-12T14:08:20.218Z"}
{"durationMs":286,"level":"info","message":"HTTP request","method":"POST","path":"/api/auth/register","statusCode":201,"timestamp":"2026-08-12T14:08:20.508Z"}
{"durationMs":288,"level":"info","message":"HTTP request","method":"POST","path":"/api/auth/login","statusCode":200,"timestamp":"2026-08-12T14:08:20.799Z"}
{"durationMs":11,"level":"info","message":"HTTP request","method":"POST","path":"/api/listings","statusCode":201,"timestamp":"2026-08-12T14:08:20.814Z"}
{"durationMs":11,"level":"info","message":"HTTP request","method":"POST","path":"/api/listings/77/bookings","statusCode":201,"timestamp":"2026-08-12T14:08:20.830Z"}
{"durationMs":287,"level":"info","message":"HTTP request","method":"POST","path":"/api/auth/register","statusCode":201,"timestamp":"2026-08-12T14:08:21.121Z"}
{"durationMs":314,"level":"info","message":"HTTP request","method":"POST","path":"/api/auth/login","statusCode":200,"timestamp":"2026-08-12T14:08:21.440Z"}
{"durationMs":288,"level":"info","message":"HTTP request","method":"POST","path":"/api/auth/register","statusCode":201,"timestamp":"2026-08-12T14:08:21.732Z"}
{"durationMs":288,"level":"info","message":"HTTP request","method":"POST","path":"/api/auth/login","statusCode":200,"timestamp":"2026-08-12T14:08:22.022Z"}
{"durationMs":9,"level":"info","message":"HTTP request","method":"POST","path":"/api/listings","statusCode":201,"timestamp":"2026-08-12T14:08:22.035Z"}
{"durationMs":1,"level":"info","message":"HTTP request","method":"POST","path":"/api/listings/78/bookings","statusCode":403,"timestamp":"2026-08-12T14:08:22.041Z"}
{"durationMs":290,"level":"info","message":"HTTP request","method":"POST","path":"/api/auth/register","statusCode":201,"timestamp":"2026-08-12T14:08:22.335Z"}
{"durationMs":293,"level":"info","message":"HTTP request","method":"POST","path":"/api/auth/login","statusCode":200,"timestamp":"2026-08-12T14:08:22.633Z"}
{"durationMs":287,"level":"info","message":"HTTP request","method":"POST","path":"/api/auth/register","statusCode":201,"timestamp":"2026-08-12T14:08:22.924Z"}
{"durationMs":290,"level":"info","message":"HTTP request","method":"POST","path":"/api/auth/login","statusCode":200,"timestamp":"2026-08-12T14:08:23.218Z"}
{"durationMs":10,"level":"info","message":"HTTP request","method":"POST","path":"/api/listings","statusCode":201,"timestamp":"2026-08-12T14:08:23.232Z"}
{"durationMs":10,"level":"info","message":"HTTP request","method":"POST","path":"/api/listings/79/bookings","statusCode":201,"timestamp":"2026-08-12T14:08:23.246Z"}
{"durationMs":21,"level":"info","message":"HTTP request","method":"POST","path":"/api/listings/79/bookings","statusCode":409,"timestamp":"2026-08-12T14:08:23.270Z"}
{"durationMs":347,"level":"info","message":"HTTP request","method":"POST","path":"/api/auth/register","statusCode":201,"timestamp":"2026-08-12T14:08:23.620Z"}
{"durationMs":288,"level":"info","message":"HTTP request","method":"POST","path":"/api/auth/login","statusCode":200,"timestamp":"2026-08-12T14:08:23.910Z"}
{"durationMs":288,"level":"info","message":"HTTP request","method":"POST","path":"/api/auth/register","statusCode":201,"timestamp":"2026-08-12T14:08:24.202Z"}
{"durationMs":287,"level":"info","message":"HTTP request","method":"POST","path":"/api/auth/login","statusCode":200,"timestamp":"2026-08-12T14:08:24.494Z"}
{"durationMs":12,"level":"info","message":"HTTP request","method":"POST","path":"/api/listings","statusCode":201,"timestamp":"2026-08-12T14:08:24.510Z"}
{"durationMs":13,"level":"info","message":"HTTP request","method":"PUT","path":"/api/listings/80","statusCode":200,"timestamp":"2026-08-12T14:08:24.532Z"}
{"durationMs":342,"level":"info","message":"HTTP request","method":"POST","path":"/api/auth/register","statusCode":201,"timestamp":"2026-08-12T14:12:26.313Z"}
{"durationMs":310,"level":"info","message":"HTTP request","method":"POST","path":"/api/auth/register","statusCode":201,"timestamp":"2026-08-12T14:12:26.640Z"}
{"durationMs":293,"level":"info","message":"HTTP request","method":"POST","path":"/api/auth/register","statusCode":201,"timestamp":"2026-08-12T14:12:26.941Z"}
{"durationMs":294,"level":"info","message":"HTTP request","method":"POST","path":"/api/auth/login","statusCode":200,"timestamp":"2026-08-12T14:12:27.242Z"}
{"durationMs":279,"level":"info","message":"HTTP request","method":"POST","path":"/api/auth/register","statusCode":201,"timestamp":"2026-08-12T14:12:27.527Z"}
{"durationMs":289,"level":"info","message":"HTTP request","method":"POST","path":"/api/auth/login","statusCode":200,"timestamp":"2026-08-12T14:12:27.822Z"}
{"durationMs":284,"level":"info","message":"HTTP request","method":"POST","path":"/api/auth/register","statusCode":201,"timestamp":"2026-08-12T14:12:28.114Z"}
{"durationMs":285,"level":"info","message":"HTTP request","method":"POST","path":"/api/auth/login","statusCode":200,"timestamp":"2026-08-12T14:12:28.404Z"}
{"durationMs":16,"level":"info","message":"HTTP request","method":"POST","path":"/api/listings","statusCode":201,"timestamp":"2026-08-12T14:12:28.423Z"}
{"durationMs":304,"level":"info","message":"HTTP request","method":"POST","path":"/api/auth/register","statusCode":201,"timestamp":"2026-08-12T14:12:28.734Z"}
{"durationMs":288,"level":"info","message":"HTTP request","method":"POST","path":"/api/auth/login","statusCode":200,"timestamp":"2026-08-12T14:12:29.025Z"}
{"durationMs":2,"level":"info","message":"HTTP request","method":"POST","path":"/api/listings","statusCode":403,"timestamp":"2026-08-12T14:12:29.032Z"}
{"durationMs":288,"level":"info","message":"HTTP request","method":"POST","path":"/api/auth/register","statusCode":201,"timestamp":"2026-08-12T14:12:29.326Z"}
{"durationMs":287,"level":"info","message":"HTTP request","method":"POST","path":"/api/auth/login","statusCode":200,"timestamp":"2026-08-12T14:12:29.618Z"}
{"durationMs":284,"level":"info","message":"HTTP request","method":"POST","path":"/api/auth/register","statusCode":201,"timestamp":"2026-08-12T14:12:29.906Z"}
{"durationMs":305,"level":"info","message":"HTTP request","method":"POST","path":"/api/auth/login","statusCode":200,"timestamp":"2026-08-12T14:12:30.214Z"}
{"durationMs":8,"level":"info","message":"HTTP request","method":"POST","path":"/api/listings","statusCode":201,"timestamp":"2026-08-12T14:12:30.224Z"}
{"durationMs":12,"level":"info","message":"HTTP request","method":"POST","path":"/api/listings/82/bookings","statusCode":201,"timestamp":"2026-08-12T14:12:30.240Z"}
{"durationMs":286,"level":"info","message":"HTTP request","method":"POST","path":"/api/auth/register","statusCode":201,"timestamp":"2026-08-12T14:12:30.530Z"}
{"durationMs":291,"level":"info","message":"HTTP request","method":"POST","path":"/api/auth/login","statusCode":200,"timestamp":"2026-08-12T14:12:30.823Z"}
{"durationMs":282,"level":"info","message":"HTTP request","method":"POST","path":"/api/auth/register","statusCode":201,"timestamp":"2026-08-12T14:12:31.109Z"}
{"durationMs":288,"level":"info","message":"HTTP request","method":"POST","path":"/api/auth/login","statusCode":200,"timestamp":"2026-08-12T14:12:31.401Z"}
{"durationMs":9,"level":"info","message":"HTTP request","method":"POST","path":"/api/listings","statusCode":201,"timestamp":"2026-08-12T14:12:31.412Z"}
{"durationMs":1,"level":"info","message":"HTTP request","method":"POST","path":"/api/listings/83/bookings","statusCode":403,"timestamp":"2026-08-12T14:12:31.417Z"}
{"durationMs":287,"level":"info","message":"HTTP request","method":"POST","path":"/api/auth/register","statusCode":201,"timestamp":"2026-08-12T14:12:31.710Z"}
{"durationMs":286,"level":"info","message":"HTTP request","method":"POST","path":"/api/auth/login","statusCode":200,"timestamp":"2026-08-12T14:12:32.000Z"}
{"durationMs":282,"level":"info","message":"HTTP request","method":"POST","path":"/api/auth/register","statusCode":201,"timestamp":"2026-08-12T14:12:32.287Z"}
{"durationMs":288,"level":"info","message":"HTTP request","method":"POST","path":"/api/auth/login","statusCode":200,"timestamp":"2026-08-12T14:12:32.580Z"}
{"durationMs":11,"level":"info","message":"HTTP request","method":"POST","path":"/api/listings","statusCode":201,"timestamp":"2026-08-12T14:12:32.596Z"}
{"durationMs":9,"level":"info","message":"HTTP request","method":"POST","path":"/api/listings/84/bookings","statusCode":201,"timestamp":"2026-08-12T14:12:32.610Z"}
{"durationMs":28,"level":"info","message":"HTTP request","method":"POST","path":"/api/listings/84/bookings","statusCode":409,"timestamp":"2026-08-12T14:12:32.641Z"}
{"durationMs":282,"level":"info","message":"HTTP request","method":"POST","path":"/api/auth/register","statusCode":201,"timestamp":"2026-08-12T14:12:32.928Z"}
{"durationMs":283,"level":"info","message":"HTTP request","method":"POST","path":"/api/auth/login","statusCode":200,"timestamp":"2026-08-12T14:12:33.215Z"}
{"durationMs":309,"level":"info","message":"HTTP request","method":"POST","path":"/api/auth/register","statusCode":201,"timestamp":"2026-08-12T14:13:03.889Z"}
{"durationMs":284,"level":"info","message":"HTTP request","method":"POST","path":"/api/auth/register","statusCode":201,"timestamp":"2026-08-12T14:13:04.191Z"}
{"durationMs":294,"level":"info","message":"HTTP request","method":"POST","path":"/api/auth/register","statusCode":201,"timestamp":"2026-08-12T14:13:04.496Z"}
{"durationMs":289,"level":"info","message":"HTTP request","method":"POST","path":"/api/auth/login","statusCode":200,"timestamp":"2026-08-12T14:13:04.791Z"}
{"durationMs":288,"level":"info","message":"HTTP request","method":"POST","path":"/api/auth/register","statusCode":201,"timestamp":"2026-08-12T14:13:05.085Z"}
{"durationMs":285,"level":"info","message":"HTTP request","method":"POST","path":"/api/auth/login","statusCode":200,"timestamp":"2026-08-12T14:13:05.378Z"}
{"durationMs":288,"level":"info","message":"HTTP request","method":"POST","path":"/api/auth/register","statusCode":201,"timestamp":"2026-08-12T14:13:05.673Z"}
{"durationMs":284,"level":"info","message":"HTTP request","method":"POST","path":"/api/auth/login","statusCode":200,"timestamp":"2026-08-12T14:13:05.966Z"}
{"durationMs":15,"level":"info","message":"HTTP request","method":"POST","path":"/api/listings","statusCode":201,"timestamp":"2026-08-12T14:13:05.987Z"}
{"durationMs":306,"level":"info","message":"HTTP request","method":"POST","path":"/api/auth/register","statusCode":201,"timestamp":"2026-08-12T14:13:06.300Z"}
{"durationMs":293,"level":"info","message":"HTTP request","method":"POST","path":"/api/auth/login","statusCode":200,"timestamp":"2026-08-12T14:13:06.598Z"}
{"durationMs":1,"level":"info","message":"HTTP request","method":"POST","path":"/api/listings","statusCode":403,"timestamp":"2026-08-12T14:13:06.603Z"}
{"durationMs":282,"level":"info","message":"HTTP request","method":"POST","path":"/api/auth/register","statusCode":201,"timestamp":"2026-08-12T14:13:06.889Z"}
{"durationMs":300,"level":"info","message":"HTTP request","method":"POST","path":"/api/auth/login","statusCode":200,"timestamp":"2026-08-12T14:13:07.193Z"}
{"durationMs":304,"level":"info","message":"HTTP request","method":"POST","path":"/api/auth/register","statusCode":201,"timestamp":"2026-08-12T14:13:07.502Z"}
{"durationMs":351,"level":"info","message":"HTTP request","method":"POST","path":"/api/auth/login","statusCode":200,"timestamp":"2026-08-12T14:13:07.858Z"}
{"durationMs":10,"level":"info","message":"HTTP request","method":"POST","path":"/api/listings","statusCode":201,"timestamp":"2026-08-12T14:13:07.872Z"}
{"durationMs":10,"level":"info","message":"HTTP request","method":"POST","path":"/api/listings/86/bookings","statusCode":201,"timestamp":"2026-08-12T14:13:07.887Z"}
{"durationMs":283,"level":"info","message":"HTTP request","method":"POST","path":"/api/auth/register","statusCode":201,"timestamp":"2026-08-12T14:13:08.174Z"}
{"durationMs":285,"level":"info","message":"HTTP request","method":"POST","path":"/api/auth/login","statusCode":200,"timestamp":"2026-08-12T14:13:08.462Z"}
{"durationMs":285,"level":"info","message":"HTTP request","method":"POST","path":"/api/auth/register","statusCode":201,"timestamp":"2026-08-12T14:13:08.752Z"}
{"durationMs":287,"level":"info","message":"HTTP request","method":"POST","path":"/api/auth/login","statusCode":200,"timestamp":"2026-08-12T14:13:09.044Z"}
{"durationMs":11,"level":"info","message":"HTTP request","method":"POST","path":"/api/listings","statusCode":201,"timestamp":"2026-08-12T14:13:09.060Z"}
{"durationMs":1,"level":"info","message":"HTTP request","method":"POST","path":"/api/listings/87/bookings","statusCode":403,"timestamp":"2026-08-12T14:13:09.065Z"}
{"durationMs":294,"level":"info","message":"HTTP request","method":"POST","path":"/api/auth/register","statusCode":201,"timestamp":"2026-08-12T14:13:09.364Z"}
{"durationMs":303,"level":"info","message":"HTTP request","method":"POST","path":"/api/auth/login","statusCode":200,"timestamp":"2026-08-12T14:13:09.672Z"}
{"durationMs":290,"level":"info","message":"HTTP request","method":"POST","path":"/api/auth/register","statusCode":201,"timestamp":"2026-08-12T14:13:09.965Z"}
{"durationMs":287,"level":"info","message":"HTTP request","method":"POST","path":"/api/auth/login","statusCode":200,"timestamp":"2026-08-12T14:13:10.255Z"}
{"durationMs":14,"level":"info","message":"HTTP request","method":"POST","path":"/api/listings","statusCode":201,"timestamp":"2026-08-12T14:13:10.275Z"}
{"durationMs":14,"level":"info","message":"HTTP request","method":"POST","path":"/api/listings/88/bookings","statusCode":201,"timestamp":"2026-08-12T14:13:10.294Z"}
{"durationMs":32,"level":"info","message":"HTTP request","method":"POST","path":"/api/listings/88/bookings","statusCode":409,"timestamp":"2026-08-12T14:13:10.330Z"}
{"durationMs":356,"level":"info","message":"HTTP request","method":"POST","path":"/api/auth/register","statusCode":201,"timestamp":"2026-08-12T14:13:10.692Z"}
{"durationMs":295,"level":"info","message":"HTTP request","method":"POST","path":"/api/auth/login","statusCode":200,"timestamp":"2026-08-12T14:13:10.990Z"}
{"durationMs":314,"level":"info","message":"HTTP request","method":"POST","path":"/api/auth/register","statusCode":201,"timestamp":"2026-08-12T14:13:24.981Z"}
{"durationMs":287,"level":"info","message":"HTTP request","method":"POST","path":"/api/auth/register","statusCode":201,"timestamp":"2026-08-12T14:13:25.283Z"}
{"durationMs":306,"level":"info","message":"HTTP request","method":"POST","path":"/api/auth/register","statusCode":201,"timestamp":"2026-08-12T14:13:25.599Z"}
{"durationMs":296,"level":"info","message":"HTTP request","method":"POST","path":"/api/auth/login","statusCode":200,"timestamp":"2026-08-12T14:13:25.903Z"}
{"durationMs":285,"level":"info","message":"HTTP request","method":"POST","path":"/api/auth/register","statusCode":201,"timestamp":"2026-08-12T14:13:26.198Z"}
{"durationMs":289,"level":"info","message":"HTTP request","method":"POST","path":"/api/auth/login","statusCode":200,"timestamp":"2026-08-12T14:13:26.494Z"}
{"durationMs":309,"level":"info","message":"HTTP request","method":"POST","path":"/api/auth/register","statusCode":201,"timestamp":"2026-08-12T14:13:26.810Z"}
{"durationMs":282,"level":"info","message":"HTTP request","method":"POST","path":"/api/auth/login","statusCode":200,"timestamp":"2026-08-12T14:13:27.097Z"}
{"durationMs":17,"level":"info","message":"HTTP request","method":"POST","path":"/api/listings","statusCode":201,"timestamp":"2026-08-12T14:13:27.118Z"}
{"durationMs":299,"level":"info","message":"HTTP request","method":"POST","path":"/api/auth/register","statusCode":201,"timestamp":"2026-08-12T14:13:27.423Z"}
{"durationMs":285,"level":"info","message":"HTTP request","method":"POST","path":"/api/auth/login","statusCode":200,"timestamp":"2026-08-12T14:13:27.715Z"}
{"durationMs":1,"level":"info","message":"HTTP request","method":"POST","path":"/api/listings","statusCode":403,"timestamp":"2026-08-12T14:13:27.720Z"}
{"durationMs":288,"level":"info","message":"HTTP request","method":"POST","path":"/api/auth/register","statusCode":201,"timestamp":"2026-08-12T14:13:28.015Z"}
{"durationMs":281,"level":"info","message":"HTTP request","method":"POST","path":"/api/auth/login","statusCode":200,"timestamp":"2026-08-12T14:13:28.301Z"}
{"durationMs":286,"level":"info","message":"HTTP request","method":"POST","path":"/api/auth/register","statusCode":201,"timestamp":"2026-08-12T14:13:28.592Z"}
{"durationMs":285,"level":"info","message":"HTTP request","method":"POST","path":"/api/auth/login","statusCode":200,"timestamp":"2026-08-12T14:13:28.881Z"}
{"durationMs":12,"level":"info","message":"HTTP request","method":"POST","path":"/api/listings","statusCode":201,"timestamp":"2026-08-12T14:13:28.897Z"}
{"durationMs":18,"level":"info","message":"HTTP request","method":"POST","path":"/api/listings/90/bookings","statusCode":201,"timestamp":"2026-08-12T14:13:28.919Z"}
{"durationMs":308,"level":"info","message":"HTTP request","method":"POST","path":"/api/auth/register","statusCode":201,"timestamp":"2026-08-12T14:13:29.235Z"}
{"durationMs":307,"level":"info","message":"HTTP request","method":"POST","path":"/api/auth/login","statusCode":200,"timestamp":"2026-08-12T14:13:29.546Z"}
{"durationMs":288,"level":"info","message":"HTTP request","method":"POST","path":"/api/auth/register","statusCode":201,"timestamp":"2026-08-12T14:13:29.838Z"}
{"durationMs":285,"level":"info","message":"HTTP request","method":"POST","path":"/api/auth/login","statusCode":200,"timestamp":"2026-08-12T14:13:30.128Z"}
{"durationMs":11,"level":"info","message":"HTTP request","method":"POST","path":"/api/listings","statusCode":201,"timestamp":"2026-08-12T14:13:30.142Z"}
{"durationMs":1,"level":"info","message":"HTTP request","method":"POST","path":"/api/listings/91/bookings","statusCode":403,"timestamp":"2026-08-12T14:13:30.148Z"}
{"durationMs":288,"level":"info","message":"HTTP request","method":"POST","path":"/api/auth/register","statusCode":201,"timestamp":"2026-08-12T14:13:30.440Z"}
{"durationMs":314,"level":"info","message":"HTTP request","method":"POST","path":"/api/auth/login","statusCode":200,"timestamp":"2026-08-12T14:13:30.759Z"}
{"durationMs":303,"level":"info","message":"HTTP request","method":"POST","path":"/api/auth/register","statusCode":201,"timestamp":"2026-08-12T14:13:31.066Z"}
{"durationMs":300,"level":"info","message":"HTTP request","method":"POST","path":"/api/auth/login","statusCode":200,"timestamp":"2026-08-12T14:13:31.369Z"}
{"durationMs":6,"level":"info","message":"HTTP request","method":"POST","path":"/api/listings","statusCode":201,"timestamp":"2026-08-12T14:13:31.380Z"}
{"durationMs":8,"level":"info","message":"HTTP request","method":"POST","path":"/api/listings/92/bookings","statusCode":201,"timestamp":"2026-08-12T14:13:31.390Z"}
{"durationMs":21,"level":"info","message":"HTTP request","method":"POST","path":"/api/listings/92/bookings","statusCode":409,"timestamp":"2026-08-12T14:13:31.415Z"}
{"durationMs":322,"level":"info","message":"HTTP request","method":"POST","path":"/api/auth/register","statusCode":201,"timestamp":"2026-08-12T14:13:31.740Z"}
{"durationMs":284,"level":"info","message":"HTTP request","method":"POST","path":"/api/auth/login","statusCode":200,"timestamp":"2026-08-12T14:13:32.028Z"}
{"durationMs":11,"level":"info","message":"HTTP request","method":"POST","path":"/api/listings","statusCode":201,"timestamp":"2026-08-12T14:13:32.042Z"}
{"durationMs":311,"level":"info","message":"HTTP request","method":"POST","path":"/api/auth/register","statusCode":201,"timestamp":"2026-08-12T14:14:04.295Z"}
{"durationMs":294,"level":"info","message":"HTTP request","method":"POST","path":"/api/auth/register","statusCode":201,"timestamp":"2026-08-12T14:14:04.625Z"}
{"durationMs":292,"level":"info","message":"HTTP request","method":"POST","path":"/api/auth/register","statusCode":201,"timestamp":"2026-08-12T14:14:04.927Z"}
{"durationMs":333,"level":"info","message":"HTTP request","method":"POST","path":"/api/auth/login","statusCode":200,"timestamp":"2026-08-12T14:14:05.265Z"}
{"durationMs":284,"level":"info","message":"HTTP request","method":"POST","path":"/api/auth/register","statusCode":201,"timestamp":"2026-08-12T14:14:05.565Z"}
{"durationMs":285,"level":"info","message":"HTTP request","method":"POST","path":"/api/auth/login","statusCode":200,"timestamp":"2026-08-12T14:14:05.857Z"}
{"durationMs":291,"level":"info","message":"HTTP request","method":"POST","path":"/api/auth/register","statusCode":201,"timestamp":"2026-08-12T14:14:06.153Z"}
{"durationMs":285,"level":"info","message":"HTTP request","method":"POST","path":"/api/auth/login","statusCode":200,"timestamp":"2026-08-12T14:14:06.445Z"}
{"durationMs":16,"level":"info","message":"HTTP request","method":"POST","path":"/api/listings","statusCode":201,"timestamp":"2026-08-12T14:14:06.465Z"}
{"durationMs":284,"level":"info","message":"HTTP request","method":"POST","path":"/api/auth/register","statusCode":201,"timestamp":"2026-08-12T14:14:06.757Z"}
{"durationMs":288,"level":"info","message":"HTTP request","method":"POST","path":"/api/auth/login","statusCode":200,"timestamp":"2026-08-12T14:14:07.051Z"}
{"durationMs":1,"level":"info","message":"HTTP request","method":"POST","path":"/api/listings","statusCode":403,"timestamp":"2026-08-12T14:14:07.056Z"}
{"durationMs":284,"level":"info","message":"HTTP request","method":"POST","path":"/api/auth/register","statusCode":201,"timestamp":"2026-08-12T14:14:07.345Z"}
{"durationMs":303,"level":"info","message":"HTTP request","method":"POST","path":"/api/auth/login","statusCode":200,"timestamp":"2026-08-12T14:14:07.652Z"}
{"durationMs":287,"level":"info","message":"HTTP request","method":"POST","path":"/api/auth/register","statusCode":201,"timestamp":"2026-08-12T14:14:07.943Z"}
{"durationMs":322,"level":"info","message":"HTTP request","method":"POST","path":"/api/auth/login","statusCode":200,"timestamp":"2026-08-12T14:14:08.267Z"}
{"durationMs":11,"level":"info","message":"HTTP request","method":"POST","path":"/api/listings","statusCode":201,"timestamp":"2026-08-12T14:14:08.283Z"}
{"durationMs":11,"level":"info","message":"HTTP request","method":"POST","path":"/api/listings/95/bookings","statusCode":201,"timestamp":"2026-08-12T14:14:08.298Z"}
{"durationMs":288,"level":"info","message":"HTTP request","method":"POST","path":"/api/auth/register","statusCode":201,"timestamp":"2026-08-12T14:14:08.591Z"}
{"durationMs":282,"level":"info","message":"HTTP request","method":"POST","path":"/api/auth/login","statusCode":200,"timestamp":"2026-08-12T14:14:08.879Z"}
{"durationMs":290,"level":"info","message":"HTTP request","method":"POST","path":"/api/auth/register","statusCode":201,"timestamp":"2026-08-12T14:14:09.173Z"}
{"durationMs":300,"level":"info","message":"HTTP request","method":"POST","path":"/api/auth/login","statusCode":200,"timestamp":"2026-08-12T14:14:09.478Z"}
{"durationMs":11,"level":"info","message":"HTTP request","method":"POST","path":"/api/listings","statusCode":201,"timestamp":"2026-08-12T14:14:09.492Z"}
{"durationMs":1,"level":"info","message":"HTTP request","method":"POST","path":"/api/listings/96/bookings","statusCode":403,"timestamp":"2026-08-12T14:14:09.497Z"}
{"durationMs":289,"level":"info","message":"HTTP request","method":"POST","path":"/api/auth/register","statusCode":201,"timestamp":"2026-08-12T14:14:09.790Z"}
{"durationMs":283,"level":"info","message":"HTTP request","method":"POST","path":"/api/auth/login","statusCode":200,"timestamp":"2026-08-12T14:14:10.078Z"}
{"durationMs":288,"level":"info","message":"HTTP request","method":"POST","path":"/api/auth/register","statusCode":201,"timestamp":"2026-08-12T14:14:10.369Z"}
{"durationMs":280,"level":"info","message":"HTTP request","method":"POST","path":"/api/auth/login","statusCode":200,"timestamp":"2026-08-12T14:14:10.654Z"}
{"durationMs":11,"level":"info","message":"HTTP request","method":"POST","path":"/api/listings","statusCode":201,"timestamp":"2026-08-12T14:14:10.668Z"}
{"durationMs":7,"level":"info","message":"HTTP request","method":"POST","path":"/api/listings/97/bookings","statusCode":201,"timestamp":"2026-08-12T14:14:10.679Z"}
{"durationMs":19,"level":"info","message":"HTTP request","method":"POST","path":"/api/listings/97/bookings","statusCode":409,"timestamp":"2026-08-12T14:14:10.701Z"}
{"durationMs":298,"level":"info","message":"HTTP request","method":"POST","path":"/api/auth/register","statusCode":201,"timestamp":"2026-08-12T14:14:11.002Z"}
{"durationMs":280,"level":"info","message":"HTTP request","method":"POST","path":"/api/auth/login","statusCode":200,"timestamp":"2026-08-12T14:14:11.288Z"}
{"durationMs":11,"level":"info","message":"HTTP request","method":"POST","path":"/api/listings","statusCode":201,"timestamp":"2026-08-12T14:14:11.302Z"}
{"durationMs":75,"level":"info","message":"HTTP request","method":"PUT","path":"/api/listings/undefined","statusCode":500,"timestamp":"2026-08-12T14:14:11.385Z"}
{"durationMs":328,"level":"info","message":"HTTP request","method":"POST","path":"/api/auth/register","statusCode":201,"timestamp":"2026-08-12T14:17:20.399Z"}
{"durationMs":290,"level":"info","message":"HTTP request","method":"POST","path":"/api/auth/register","statusCode":201,"timestamp":"2026-08-12T14:17:20.705Z"}
{"durationMs":298,"level":"info","message":"HTTP request","method":"POST","path":"/api/auth/register","statusCode":201,"timestamp":"2026-08-12T14:17:21.013Z"}
{"durationMs":301,"level":"info","message":"HTTP request","method":"POST","path":"/api/auth/login","statusCode":200,"timestamp":"2026-08-12T14:17:21.320Z"}
{"durationMs":290,"level":"info","message":"HTTP request","method":"POST","path":"/api/auth/register","statusCode":201,"timestamp":"2026-08-12T14:17:21.616Z"}
{"durationMs":290,"level":"info","message":"HTTP request","method":"POST","path":"/api/auth/login","statusCode":200,"timestamp":"2026-08-12T14:17:21.913Z"}
{"durationMs":292,"level":"info","message":"HTTP request","method":"POST","path":"/api/auth/register","statusCode":201,"timestamp":"2026-08-12T14:17:22.213Z"}
{"durationMs":291,"level":"info","message":"HTTP request","method":"POST","path":"/api/auth/login","statusCode":200,"timestamp":"2026-08-12T14:17:22.510Z"}
{"durationMs":16,"level":"info","message":"HTTP request","method":"POST","path":"/api/listings","statusCode":201,"timestamp":"2026-08-12T14:17:22.531Z"}
{"durationMs":292,"level":"info","message":"HTTP request","method":"POST","path":"/api/auth/register","statusCode":201,"timestamp":"2026-08-12T14:17:22.830Z"}
{"durationMs":294,"level":"info","message":"HTTP request","method":"POST","path":"/api/auth/login","statusCode":200,"timestamp":"2026-08-12T14:17:23.132Z"}
{"durationMs":2,"level":"info","message":"HTTP request","method":"POST","path":"/api/listings","statusCode":403,"timestamp":"2026-08-12T14:17:23.139Z"}
{"durationMs":288,"level":"info","message":"HTTP request","method":"POST","path":"/api/auth/register","statusCode":201,"timestamp":"2026-08-12T14:17:23.433Z"}
{"durationMs":292,"level":"info","message":"HTTP request","method":"POST","path":"/api/auth/login","statusCode":200,"timestamp":"2026-08-12T14:17:23.730Z"}
{"durationMs":288,"level":"info","message":"HTTP request","method":"POST","path":"/api/auth/register","statusCode":201,"timestamp":"2026-08-12T14:17:24.022Z"}
{"durationMs":290,"level":"info","message":"HTTP request","method":"POST","path":"/api/auth/login","statusCode":200,"timestamp":"2026-08-12T14:17:24.317Z"}
{"durationMs":9,"level":"info","message":"HTTP request","method":"POST","path":"/api/listings","statusCode":201,"timestamp":"2026-08-12T14:17:24.330Z"}
{"durationMs":14,"level":"info","message":"HTTP request","method":"POST","path":"/api/listings/100/bookings","statusCode":201,"timestamp":"2026-08-12T14:17:24.348Z"}
{"durationMs":288,"level":"info","message":"HTTP request","method":"POST","path":"/api/auth/register","statusCode":201,"timestamp":"2026-08-12T14:17:24.641Z"}
{"durationMs":290,"level":"info","message":"HTTP request","method":"POST","path":"/api/auth/login","statusCode":200,"timestamp":"2026-08-12T14:17:24.935Z"}
{"durationMs":289,"level":"info","message":"HTTP request","method":"POST","path":"/api/auth/register","statusCode":201,"timestamp":"2026-08-12T14:17:25.228Z"}
{"durationMs":288,"level":"info","message":"HTTP request","method":"POST","path":"/api/auth/login","statusCode":200,"timestamp":"2026-08-12T14:17:25.520Z"}
{"durationMs":10,"level":"info","message":"HTTP request","method":"POST","path":"/api/listings","statusCode":201,"timestamp":"2026-08-12T14:17:25.534Z"}
{"durationMs":1,"level":"info","message":"HTTP request","method":"POST","path":"/api/listings/101/bookings","statusCode":403,"timestamp":"2026-08-12T14:17:25.540Z"}
{"durationMs":289,"level":"info","message":"HTTP request","method":"POST","path":"/api/auth/register","statusCode":201,"timestamp":"2026-08-12T14:17:25.833Z"}
{"durationMs":292,"level":"info","message":"HTTP request","method":"POST","path":"/api/auth/login","statusCode":200,"timestamp":"2026-08-12T14:17:26.129Z"}
{"durationMs":289,"level":"info","message":"HTTP request","method":"POST","path":"/api/auth/register","statusCode":201,"timestamp":"2026-08-12T14:17:26.423Z"}
{"durationMs":288,"level":"info","message":"HTTP request","method":"POST","path":"/api/auth/login","statusCode":200,"timestamp":"2026-08-12T14:17:26.716Z"}
{"durationMs":10,"level":"info","message":"HTTP request","method":"POST","path":"/api/listings","statusCode":201,"timestamp":"2026-08-12T14:17:26.730Z"}
{"durationMs":7,"level":"info","message":"HTTP request","method":"POST","path":"/api/listings/102/bookings","statusCode":201,"timestamp":"2026-08-12T14:17:26.742Z"}
{"durationMs":18,"level":"info","message":"HTTP request","method":"POST","path":"/api/listings/102/bookings","statusCode":409,"timestamp":"2026-08-12T14:17:26.763Z"}
{"durationMs":290,"level":"info","message":"HTTP request","method":"POST","path":"/api/auth/register","statusCode":201,"timestamp":"2026-08-12T14:17:27.057Z"}
{"durationMs":291,"level":"info","message":"HTTP request","method":"POST","path":"/api/auth/login","statusCode":200,"timestamp":"2026-08-12T14:17:27.353Z"}
{"durationMs":10,"level":"info","message":"HTTP request","method":"POST","path":"/api/listings","statusCode":201,"timestamp":"2026-08-12T14:17:27.368Z"}
{"durationMs":15,"level":"info","message":"HTTP request","method":"PUT","path":"/api/listings/103","statusCode":200,"timestamp":"2026-08-12T14:17:27.391Z"}
{"durationMs":316,"level":"info","message":"HTTP request","method":"POST","path":"/api/auth/register","statusCode":201,"timestamp":"2026-08-12T14:17:41.015Z"}
{"durationMs":290,"level":"info","message":"HTTP request","method":"POST","path":"/api/auth/register","statusCode":201,"timestamp":"2026-08-12T14:17:41.323Z"}
{"durationMs":318,"level":"info","message":"HTTP request","method":"POST","path":"/api/auth/register","statusCode":201,"timestamp":"2026-08-12T14:17:41.651Z"}
{"durationMs":300,"level":"info","message":"HTTP request","method":"POST","path":"/api/auth/login","statusCode":200,"timestamp":"2026-08-12T14:17:41.958Z"}
{"durationMs":292,"level":"info","message":"HTTP request","method":"POST","path":"/api/auth/register","statusCode":201,"timestamp":"2026-08-12T14:17:42.259Z"}
{"durationMs":290,"level":"info","message":"HTTP request","method":"POST","path":"/api/auth/login","statusCode":200,"timestamp":"2026-08-12T14:17:42.556Z"}
{"durationMs":285,"level":"info","message":"HTTP request","method":"POST","path":"/api/auth/register","statusCode":201,"timestamp":"2026-08-12T14:17:42.850Z"}
{"durationMs":290,"level":"info","message":"HTTP request","method":"POST","path":"/api/auth/login","statusCode":200,"timestamp":"2026-08-12T14:17:43.146Z"}
{"durationMs":18,"level":"info","message":"HTTP request","method":"POST","path":"/api/listings","statusCode":201,"timestamp":"2026-08-12T14:17:43.169Z"}
{"durationMs":289,"level":"info","message":"HTTP request","method":"POST","path":"/api/auth/register","statusCode":201,"timestamp":"2026-08-12T14:17:43.465Z"}
{"durationMs":293,"level":"info","message":"HTTP request","method":"POST","path":"/api/auth/login","statusCode":200,"timestamp":"2026-08-12T14:17:43.763Z"}
{"durationMs":1,"level":"info","message":"HTTP request","method":"POST","path":"/api/listings","statusCode":403,"timestamp":"2026-08-12T14:17:43.767Z"}
{"durationMs":286,"level":"info","message":"HTTP request","method":"POST","path":"/api/auth/register","statusCode":201,"timestamp":"2026-08-12T14:17:44.058Z"}
{"durationMs":291,"level":"info","message":"HTTP request","method":"POST","path":"/api/auth/login","statusCode":200,"timestamp":"2026-08-12T14:17:44.355Z"}
{"durationMs":289,"level":"info","message":"HTTP request","method":"POST","path":"/api/auth/register","statusCode":201,"timestamp":"2026-08-12T14:17:44.649Z"}
{"durationMs":286,"level":"info","message":"HTTP request","method":"POST","path":"/api/auth/login","statusCode":200,"timestamp":"2026-08-12T14:17:44.941Z"}
{"durationMs":11,"level":"info","message":"HTTP request","method":"POST","path":"/api/listings","statusCode":201,"timestamp":"2026-08-12T14:17:44.957Z"}
{"durationMs":12,"level":"info","message":"HTTP request","method":"POST","path":"/api/listings/105/bookings","statusCode":201,"timestamp":"2026-08-12T14:17:44.973Z"}
{"durationMs":291,"level":"info","message":"HTTP request","method":"POST","path":"/api/auth/register","statusCode":201,"timestamp":"2026-08-12T14:17:45.270Z"}
{"durationMs":291,"level":"info","message":"HTTP request","method":"POST","path":"/api/auth/login","statusCode":200,"timestamp":"2026-08-12T14:17:45.565Z"}
{"durationMs":287,"level":"info","message":"HTTP request","method":"POST","path":"/api/auth/register","statusCode":201,"timestamp":"2026-08-12T14:17:45.856Z"}
{"durationMs":289,"level":"info","message":"HTTP request","method":"POST","path":"/api/auth/login","statusCode":200,"timestamp":"2026-08-12T14:17:46.149Z"}
{"durationMs":9,"level":"info","message":"HTTP request","method":"POST","path":"/api/listings","statusCode":201,"timestamp":"2026-08-12T14:17:46.161Z"}
{"durationMs":1,"level":"info","message":"HTTP request","method":"POST","path":"/api/listings/106/bookings","statusCode":403,"timestamp":"2026-08-12T14:17:46.168Z"}
{"durationMs":289,"level":"info","message":"HTTP request","method":"POST","path":"/api/auth/register","statusCode":201,"timestamp":"2026-08-12T14:17:46.464Z"}
{"durationMs":311,"level":"info","message":"HTTP request","method":"POST","path":"/api/auth/login","statusCode":200,"timestamp":"2026-08-12T14:17:46.777Z"}
{"durationMs":286,"level":"info","message":"HTTP request","method":"POST","path":"/api/auth/register","statusCode":201,"timestamp":"2026-08-12T14:17:47.066Z"}
{"durationMs":290,"level":"info","message":"HTTP request","method":"POST","path":"/api/auth/login","statusCode":200,"timestamp":"2026-08-12T14:17:47.359Z"}
{"durationMs":8,"level":"info","message":"HTTP request","method":"POST","path":"/api/listings","statusCode":201,"timestamp":"2026-08-12T14:17:47.371Z"}
{"durationMs":9,"level":"info","message":"HTTP request","method":"POST","path":"/api/listings/107/bookings","statusCode":201,"timestamp":"2026-08-12T14:17:47.383Z"}
{"durationMs":20,"level":"info","message":"HTTP request","method":"POST","path":"/api/listings/107/bookings","statusCode":409,"timestamp":"2026-08-12T14:17:47.405Z"}
{"durationMs":293,"level":"info","message":"HTTP request","method":"POST","path":"/api/auth/register","statusCode":201,"timestamp":"2026-08-12T14:17:47.713Z"}
{"durationMs":286,"level":"info","message":"HTTP request","method":"POST","path":"/api/auth/login","statusCode":200,"timestamp":"2026-08-12T14:17:48.005Z"}
{"durationMs":10,"level":"info","message":"HTTP request","method":"POST","path":"/api/listings","statusCode":201,"timestamp":"2026-08-12T14:17:48.020Z"}
{"durationMs":10,"level":"info","message":"HTTP request","method":"PUT","path":"/api/listings/108","statusCode":200,"timestamp":"2026-08-12T14:17:48.037Z"}
{"durationMs":388,"level":"info","message":"HTTP request","method":"POST","path":"/api/auth/register","statusCode":201,"timestamp":"2026-08-12T14:18:29.114Z"}
{"durationMs":314,"level":"info","message":"HTTP request","method":"POST","path":"/api/auth/register","statusCode":201,"timestamp":"2026-08-12T14:18:29.460Z"}
{"durationMs":310,"level":"info","message":"HTTP request","method":"POST","path":"/api/auth/register","statusCode":201,"timestamp":"2026-08-12T14:18:29.782Z"}
{"durationMs":354,"level":"info","message":"HTTP request","method":"POST","path":"/api/auth/login","statusCode":200,"timestamp":"2026-08-12T14:18:30.142Z"}
{"durationMs":322,"level":"info","message":"HTTP request","method":"POST","path":"/api/auth/register","statusCode":201,"timestamp":"2026-08-12T14:18:30.482Z"}
{"durationMs":297,"level":"info","message":"HTTP request","method":"POST","path":"/api/auth/login","statusCode":200,"timestamp":"2026-08-12T14:18:30.785Z"}
{"durationMs":297,"level":"info","message":"HTTP request","method":"POST","path":"/api/auth/register","statusCode":201,"timestamp":"2026-08-12T14:18:31.088Z"}
{"durationMs":303,"level":"info","message":"HTTP request","method":"POST","path":"/api/auth/login","statusCode":200,"timestamp":"2026-08-12T14:18:31.395Z"}
{"durationMs":13,"level":"info","message":"HTTP request","method":"POST","path":"/api/listings","statusCode":201,"timestamp":"2026-08-12T14:18:31.413Z"}
{"durationMs":296,"level":"info","message":"HTTP request","method":"POST","path":"/api/auth/register","statusCode":201,"timestamp":"2026-08-12T14:18:31.715Z"}
{"durationMs":303,"level":"info","message":"HTTP request","method":"POST","path":"/api/auth/login","statusCode":200,"timestamp":"2026-08-12T14:18:32.024Z"}
{"durationMs":1,"level":"info","message":"HTTP request","method":"POST","path":"/api/listings","statusCode":403,"timestamp":"2026-08-12T14:18:32.029Z"}
{"durationMs":297,"level":"info","message":"HTTP request","method":"POST","path":"/api/auth/register","statusCode":201,"timestamp":"2026-08-12T14:18:32.332Z"}
{"durationMs":298,"level":"info","message":"HTTP request","method":"POST","path":"/api/auth/login","statusCode":200,"timestamp":"2026-08-12T14:18:32.634Z"}
{"durationMs":296,"level":"info","message":"HTTP request","method":"POST","path":"/api/auth/register","statusCode":201,"timestamp":"2026-08-12T14:18:32.934Z"}
{"durationMs":306,"level":"info","message":"HTTP request","method":"POST","path":"/api/auth/login","statusCode":200,"timestamp":"2026-08-12T14:18:33.244Z"}
{"durationMs":7,"level":"info","message":"HTTP request","method":"POST","path":"/api/listings","statusCode":201,"timestamp":"2026-08-12T14:18:33.255Z"}
{"durationMs":14,"level":"info","message":"HTTP request","method":"POST","path":"/api/listings/110/bookings","statusCode":201,"timestamp":"2026-08-12T14:18:33.273Z"}
{"durationMs":295,"level":"info","message":"HTTP request","method":"POST","path":"/api/auth/register","statusCode":201,"timestamp":"2026-08-12T14:18:33.573Z"}
{"durationMs":299,"level":"info","message":"HTTP request","method":"POST","path":"/api/auth/login","statusCode":200,"timestamp":"2026-08-12T14:18:33.875Z"}
{"durationMs":297,"level":"info","message":"HTTP request","method":"POST","path":"/api/auth/register","statusCode":201,"timestamp":"2026-08-12T14:18:34.180Z"}
{"durationMs":292,"level":"info","message":"HTTP request","method":"POST","path":"/api/auth/login","statusCode":200,"timestamp":"2026-08-12T14:18:34.474Z"}
{"durationMs":8,"level":"info","message":"HTTP request","method":"POST","path":"/api/listings","statusCode":201,"timestamp":"2026-08-12T14:18:34.487Z"}
{"durationMs":1,"level":"info","message":"HTTP request","method":"POST","path":"/api/listings/111/bookings","statusCode":403,"timestamp":"2026-08-12T14:18:34.492Z"}
{"durationMs":316,"level":"info","message":"HTTP request","method":"POST","path":"/api/auth/register","statusCode":201,"timestamp":"2026-08-12T14:18:34.813Z"}
{"durationMs":296,"level":"info","message":"HTTP request","method":"POST","path":"/api/auth/login","statusCode":200,"timestamp":"2026-08-12T14:18:35.113Z"}
{"durationMs":298,"level":"info","message":"HTTP request","method":"POST","path":"/api/auth/register","statusCode":201,"timestamp":"2026-08-12T14:18:35.414Z"}
{"durationMs":306,"level":"info","message":"HTTP request","method":"POST","path":"/api/auth/login","statusCode":200,"timestamp":"2026-08-12T14:18:35.726Z"}
{"durationMs":9,"level":"info","message":"HTTP request","method":"POST","path":"/api/listings","statusCode":201,"timestamp":"2026-08-12T14:18:35.738Z"}
{"durationMs":11,"level":"info","message":"HTTP request","method":"POST","path":"/api/listings/112/bookings","statusCode":201,"timestamp":"2026-08-12T14:18:35.754Z"}
{"durationMs":43,"level":"info","message":"HTTP request","method":"POST","path":"/api/listings/112/bookings","statusCode":409,"timestamp":"2026-08-12T14:18:35.800Z"}
{"durationMs":302,"level":"info","message":"HTTP request","method":"POST","path":"/api/auth/register","statusCode":201,"timestamp":"2026-08-12T14:18:36.110Z"}
{"durationMs":299,"level":"info","message":"HTTP request","method":"POST","path":"/api/auth/login","statusCode":200,"timestamp":"2026-08-12T14:18:36.411Z"}
{"durationMs":6,"level":"info","message":"HTTP request","method":"POST","path":"/api/listings","statusCode":201,"timestamp":"2026-08-12T14:18:36.421Z"}
{"durationMs":10,"level":"info","message":"HTTP request","method":"PUT","path":"/api/listings/113","statusCode":200,"timestamp":"2026-08-12T14:18:36.435Z"}
{"durationMs":314,"level":"info","message":"HTTP request","method":"POST","path":"/api/auth/register","statusCode":201,"timestamp":"2026-08-12T15:59:21.841Z"}
{"durationMs":287,"level":"info","message":"HTTP request","method":"POST","path":"/api/auth/register","statusCode":201,"timestamp":"2026-08-12T15:59:22.147Z"}
{"durationMs":284,"level":"info","message":"HTTP request","method":"POST","path":"/api/auth/register","statusCode":201,"timestamp":"2026-08-12T15:59:22.439Z"}
{"durationMs":292,"level":"info","message":"HTTP request","method":"POST","path":"/api/auth/login","statusCode":200,"timestamp":"2026-08-12T15:59:22.737Z"}
{"durationMs":282,"level":"info","message":"HTTP request","method":"POST","path":"/api/auth/register","statusCode":201,"timestamp":"2026-08-12T15:59:23.025Z"}
{"durationMs":296,"level":"info","message":"HTTP request","method":"POST","path":"/api/auth/login","statusCode":200,"timestamp":"2026-08-12T15:59:23.324Z"}
{"durationMs":294,"level":"info","message":"HTTP request","method":"POST","path":"/api/auth/register","statusCode":201,"timestamp":"2026-08-12T15:59:23.624Z"}
{"durationMs":289,"level":"info","message":"HTTP request","method":"POST","path":"/api/auth/login","statusCode":200,"timestamp":"2026-08-12T15:59:23.917Z"}
{"durationMs":12,"level":"info","message":"HTTP request","method":"POST","path":"/api/listings","statusCode":201,"timestamp":"2026-08-12T15:59:23.933Z"}
{"durationMs":281,"level":"info","message":"HTTP request","method":"POST","path":"/api/auth/register","statusCode":201,"timestamp":"2026-08-12T15:59:24.219Z"}
{"durationMs":284,"level":"info","message":"HTTP request","method":"POST","path":"/api/auth/login","statusCode":200,"timestamp":"2026-08-12T15:59:24.509Z"}
{"durationMs":0,"level":"info","message":"HTTP request","method":"POST","path":"/api/listings","statusCode":403,"timestamp":"2026-08-12T15:59:24.514Z"}
{"durationMs":287,"level":"info","message":"HTTP request","method":"POST","path":"/api/auth/register","statusCode":201,"timestamp":"2026-08-12T15:59:24.804Z"}
{"durationMs":282,"level":"info","message":"HTTP request","method":"POST","path":"/api/auth/login","statusCode":200,"timestamp":"2026-08-12T15:59:25.092Z"}
{"durationMs":283,"level":"info","message":"HTTP request","method":"POST","path":"/api/auth/register","statusCode":201,"timestamp":"2026-08-12T15:59:25.379Z"}
{"durationMs":287,"level":"info","message":"HTTP request","method":"POST","path":"/api/auth/login","statusCode":200,"timestamp":"2026-08-12T15:59:25.671Z"}
{"durationMs":6,"level":"info","message":"HTTP request","method":"POST","path":"/api/listings","statusCode":201,"timestamp":"2026-08-12T15:59:25.680Z"}
{"durationMs":12,"level":"info","message":"HTTP request","method":"POST","path":"/api/listings/115/bookings","statusCode":201,"timestamp":"2026-08-12T15:59:25.697Z"}
{"durationMs":284,"level":"info","message":"HTTP request","method":"POST","path":"/api/auth/register","statusCode":201,"timestamp":"2026-08-12T15:59:25.986Z"}
{"durationMs":286,"level":"info","message":"HTTP request","method":"POST","path":"/api/auth/login","statusCode":200,"timestamp":"2026-08-12T15:59:26.275Z"}
{"durationMs":291,"level":"info","message":"HTTP request","method":"POST","path":"/api/auth/register","statusCode":201,"timestamp":"2026-08-12T15:59:26.570Z"}
{"durationMs":284,"level":"info","message":"HTTP request","method":"POST","path":"/api/auth/login","statusCode":200,"timestamp":"2026-08-12T15:59:26.859Z"}
{"durationMs":6,"level":"info","message":"HTTP request","method":"POST","path":"/api/listings","statusCode":201,"timestamp":"2026-08-12T15:59:26.868Z"}
{"durationMs":1,"level":"info","message":"HTTP request","method":"POST","path":"/api/listings/116/bookings","statusCode":403,"timestamp":"2026-08-12T15:59:26.872Z"}
{"durationMs":289,"level":"info","message":"HTTP request","method":"POST","path":"/api/auth/register","statusCode":201,"timestamp":"2026-08-12T15:59:27.168Z"}
{"durationMs":282,"level":"info","message":"HTTP request","method":"POST","path":"/api/auth/login","statusCode":200,"timestamp":"2026-08-12T15:59:27.453Z"}
{"durationMs":283,"level":"info","message":"HTTP request","method":"POST","path":"/api/auth/register","statusCode":201,"timestamp":"2026-08-12T15:59:27.740Z"}
{"durationMs":288,"level":"info","message":"HTTP request","method":"POST","path":"/api/auth/login","statusCode":200,"timestamp":"2026-08-12T15:59:28.031Z"}
{"durationMs":6,"level":"info","message":"HTTP request","method":"POST","path":"/api/listings","statusCode":201,"timestamp":"2026-08-12T15:59:28.041Z"}
{"durationMs":9,"level":"info","message":"HTTP request","method":"POST","path":"/api/listings/117/bookings","statusCode":201,"timestamp":"2026-08-12T15:59:28.055Z"}
{"durationMs":18,"level":"info","message":"HTTP request","method":"POST","path":"/api/listings/117/bookings","statusCode":409,"timestamp":"2026-08-12T15:59:28.076Z"}
{"durationMs":279,"level":"info","message":"HTTP request","method":"POST","path":"/api/auth/register","statusCode":201,"timestamp":"2026-08-12T15:59:28.359Z"}
{"durationMs":284,"level":"info","message":"HTTP request","method":"POST","path":"/api/auth/login","statusCode":200,"timestamp":"2026-08-12T15:59:28.646Z"}
{"durationMs":6,"level":"info","message":"HTTP request","method":"POST","path":"/api/listings","statusCode":201,"timestamp":"2026-08-12T15:59:28.654Z"}
{"durationMs":12,"level":"info","message":"HTTP request","method":"PUT","path":"/api/listings/118","statusCode":200,"timestamp":"2026-08-12T15:59:28.669Z"}
{"durationMs":318,"level":"info","message":"HTTP request","method":"POST","path":"/api/auth/register","statusCode":201,"timestamp":"2026-08-12T17:35:50.316Z"}
{"durationMs":2,"level":"info","message":"HTTP request","method":"POST","path":"/api/auth/register","statusCode":400,"timestamp":"2026-08-12T17:35:50.333Z"}
{"durationMs":1,"level":"info","message":"HTTP request","method":"POST","path":"/api/auth/register","statusCode":400,"timestamp":"2026-08-12T17:35:50.340Z"}
{"durationMs":302,"level":"info","message":"HTTP request","method":"POST","path":"/api/auth/register","statusCode":201,"timestamp":"2026-08-12T17:35:50.649Z"}
{"durationMs":291,"level":"info","message":"HTTP request","method":"POST","path":"/api/auth/register","statusCode":201,"timestamp":"2026-08-12T17:35:50.947Z"}
{"durationMs":302,"level":"info","message":"HTTP request","method":"POST","path":"/api/auth/login","statusCode":200,"timestamp":"2026-08-12T17:35:51.254Z"}
{"durationMs":290,"level":"info","message":"HTTP request","method":"POST","path":"/api/auth/register","statusCode":201,"timestamp":"2026-08-12T17:35:51.551Z"}
{"durationMs":287,"level":"info","message":"HTTP request","method":"POST","path":"/api/auth/login","statusCode":200,"timestamp":"2026-08-12T17:35:51.842Z"}
{"durationMs":294,"level":"info","message":"HTTP request","method":"POST","path":"/api/auth/register","statusCode":201,"timestamp":"2026-08-12T17:35:52.143Z"}
{"durationMs":285,"level":"info","message":"HTTP request","method":"POST","path":"/api/auth/login","statusCode":200,"timestamp":"2026-08-12T17:35:52.434Z"}
{"durationMs":10,"level":"info","message":"HTTP request","method":"POST","path":"/api/listings","statusCode":201,"timestamp":"2026-08-12T17:35:52.450Z"}
{"durationMs":285,"level":"info","message":"HTTP request","method":"POST","path":"/api/auth/register","statusCode":201,"timestamp":"2026-08-12T17:35:52.739Z"}
{"durationMs":291,"level":"info","message":"HTTP request","method":"POST","path":"/api/auth/login","statusCode":200,"timestamp":"2026-08-12T17:35:53.035Z"}
{"durationMs":1,"level":"info","message":"HTTP request","method":"POST","path":"/api/listings","statusCode":403,"timestamp":"2026-08-12T17:35:53.040Z"}
{"durationMs":286,"level":"info","message":"HTTP request","method":"POST","path":"/api/auth/register","statusCode":201,"timestamp":"2026-08-12T17:35:53.332Z"}
{"durationMs":288,"level":"info","message":"HTTP request","method":"POST","path":"/api/auth/login","statusCode":200,"timestamp":"2026-08-12T17:35:53.627Z"}
{"durationMs":287,"level":"info","message":"HTTP request","method":"POST","path":"/api/auth/register","statusCode":201,"timestamp":"2026-08-12T17:35:53.917Z"}
{"durationMs":287,"level":"info","message":"HTTP request","method":"POST","path":"/api/auth/login","statusCode":200,"timestamp":"2026-08-12T17:35:54.209Z"}
{"durationMs":7,"level":"info","message":"HTTP request","method":"POST","path":"/api/listings","statusCode":201,"timestamp":"2026-08-12T17:35:54.220Z"}
{"durationMs":13,"level":"info","message":"HTTP request","method":"POST","path":"/api/listings/120/bookings","statusCode":201,"timestamp":"2026-08-12T17:35:54.238Z"}
{"durationMs":289,"level":"info","message":"HTTP request","method":"POST","path":"/api/auth/register","statusCode":201,"timestamp":"2026-08-12T17:35:54.532Z"}
{"durationMs":283,"level":"info","message":"HTTP request","method":"POST","path":"/api/auth/login","statusCode":200,"timestamp":"2026-08-12T17:35:54.819Z"}
{"durationMs":284,"level":"info","message":"HTTP request","method":"POST","path":"/api/auth/register","statusCode":201,"timestamp":"2026-08-12T17:35:55.107Z"}
{"durationMs":282,"level":"info","message":"HTTP request","method":"POST","path":"/api/auth/login","statusCode":200,"timestamp":"2026-08-12T17:35:55.395Z"}
{"durationMs":6,"level":"info","message":"HTTP request","method":"POST","path":"/api/listings","statusCode":201,"timestamp":"2026-08-12T17:35:55.405Z"}
{"durationMs":1,"level":"info","message":"HTTP request","method":"POST","path":"/api/listings/121/bookings","statusCode":403,"timestamp":"2026-08-12T17:35:55.410Z"}
{"durationMs":288,"level":"info","message":"HTTP request","method":"POST","path":"/api/auth/register","statusCode":201,"timestamp":"2026-08-12T17:35:55.703Z"}
{"durationMs":289,"level":"info","message":"HTTP request","method":"POST","path":"/api/auth/login","statusCode":200,"timestamp":"2026-08-12T17:35:55.995Z"}
{"durationMs":285,"level":"info","message":"HTTP request","method":"POST","path":"/api/auth/register","statusCode":201,"timestamp":"2026-08-12T17:35:56.283Z"}
{"durationMs":289,"level":"info","message":"HTTP request","method":"POST","path":"/api/auth/login","statusCode":200,"timestamp":"2026-08-12T17:35:56.575Z"}
{"durationMs":7,"level":"info","message":"HTTP request","method":"POST","path":"/api/listings","statusCode":201,"timestamp":"2026-08-12T17:35:56.585Z"}
{"durationMs":9,"level":"info","message":"HTTP request","method":"POST","path":"/api/listings/122/bookings","statusCode":201,"timestamp":"2026-08-12T17:35:56.598Z"}
{"durationMs":20,"level":"info","message":"HTTP request","method":"POST","path":"/api/listings/122/bookings","statusCode":409,"timestamp":"2026-08-12T17:35:56.621Z"}
{"durationMs":282,"level":"info","message":"HTTP request","method":"POST","path":"/api/auth/register","statusCode":201,"timestamp":"2026-08-12T17:35:56.906Z"}
{"durationMs":298,"level":"info","message":"HTTP request","method":"POST","path":"/api/auth/login","statusCode":200,"timestamp":"2026-08-12T17:35:57.206Z"}
{"durationMs":7,"level":"info","message":"HTTP request","method":"POST","path":"/api/listings","statusCode":201,"timestamp":"2026-08-12T17:35:57.217Z"}
{"durationMs":12,"level":"info","message":"HTTP request","method":"PUT","path":"/api/listings/123","statusCode":200,"timestamp":"2026-08-12T17:35:57.232Z"}
{"durationMs":327,"level":"info","message":"HTTP request","method":"POST","path":"/api/auth/register","statusCode":201,"timestamp":"2026-08-12T17:36:30.607Z"}
{"durationMs":1,"level":"info","message":"HTTP request","method":"POST","path":"/api/auth/register","statusCode":400,"timestamp":"2026-08-12T17:36:30.630Z"}
{"durationMs":1,"level":"info","message":"HTTP request","method":"POST","path":"/api/auth/register","statusCode":400,"timestamp":"2026-08-12T17:36:30.644Z"}
{"durationMs":296,"level":"info","message":"HTTP request","method":"POST","path":"/api/auth/register","statusCode":201,"timestamp":"2026-08-12T17:36:30.949Z"}
{"durationMs":292,"level":"info","message":"HTTP request","method":"POST","path":"/api/auth/register","statusCode":201,"timestamp":"2026-08-12T17:36:31.247Z"}
{"durationMs":293,"level":"info","message":"HTTP request","method":"POST","path":"/api/auth/login","statusCode":200,"timestamp":"2026-08-12T17:36:31.545Z"}
{"durationMs":288,"level":"info","message":"HTTP request","method":"POST","path":"/api/auth/register","statusCode":201,"timestamp":"2026-08-12T17:36:31.840Z"}
{"durationMs":289,"level":"info","message":"HTTP request","method":"POST","path":"/api/auth/login","statusCode":200,"timestamp":"2026-08-12T17:36:32.135Z"}
{"durationMs":290,"level":"info","message":"HTTP request","method":"POST","path":"/api/auth/register","statusCode":201,"timestamp":"2026-08-12T17:36:32.433Z"}
{"durationMs":288,"level":"info","message":"HTTP request","method":"POST","path":"/api/auth/login","statusCode":200,"timestamp":"2026-08-12T17:36:32.726Z"}
{"durationMs":10,"level":"info","message":"HTTP request","method":"POST","path":"/api/listings","statusCode":201,"timestamp":"2026-08-12T17:36:32.740Z"}
{"durationMs":286,"level":"info","message":"HTTP request","method":"POST","path":"/api/auth/register","statusCode":201,"timestamp":"2026-08-12T17:36:33.030Z"}
{"durationMs":288,"level":"info","message":"HTTP request","method":"POST","path":"/api/auth/login","statusCode":200,"timestamp":"2026-08-12T17:36:33.323Z"}
{"durationMs":1,"level":"info","message":"HTTP request","method":"POST","path":"/api/listings","statusCode":403,"timestamp":"2026-08-12T17:36:33.328Z"}
{"durationMs":288,"level":"info","message":"HTTP request","method":"POST","path":"/api/auth/register","statusCode":201,"timestamp":"2026-08-12T17:36:33.621Z"}
{"durationMs":284,"level":"info","message":"HTTP request","method":"POST","path":"/api/auth/login","statusCode":200,"timestamp":"2026-08-12T17:36:33.912Z"}
{"durationMs":289,"level":"info","message":"HTTP request","method":"POST","path":"/api/auth/register","statusCode":201,"timestamp":"2026-08-12T17:36:34.205Z"}
{"durationMs":286,"level":"info","message":"HTTP request","method":"POST","path":"/api/auth/login","statusCode":200,"timestamp":"2026-08-12T17:36:34.494Z"}
{"durationMs":5,"level":"info","message":"HTTP request","method":"POST","path":"/api/listings","statusCode":201,"timestamp":"2026-08-12T17:36:34.504Z"}
{"durationMs":16,"level":"info","message":"HTTP request","method":"POST","path":"/api/listings/125/bookings","statusCode":201,"timestamp":"2026-08-12T17:36:34.525Z"}
{"durationMs":287,"level":"info","message":"HTTP request","method":"POST","path":"/api/auth/register","statusCode":201,"timestamp":"2026-08-12T17:36:34.817Z"}
{"durationMs":289,"level":"info","message":"HTTP request","method":"POST","path":"/api/auth/login","statusCode":200,"timestamp":"2026-08-12T17:36:35.111Z"}
{"durationMs":287,"level":"info","message":"HTTP request","method":"POST","path":"/api/auth/register","statusCode":201,"timestamp":"2026-08-12T17:36:35.401Z"}
{"durationMs":287,"level":"info","message":"HTTP request","method":"POST","path":"/api/auth/login","statusCode":200,"timestamp":"2026-08-12T17:36:35.692Z"}
{"durationMs":6,"level":"info","message":"HTTP request","method":"POST","path":"/api/listings","statusCode":201,"timestamp":"2026-08-12T17:36:35.702Z"}
{"durationMs":1,"level":"info","message":"HTTP request","method":"POST","path":"/api/listings/126/bookings","statusCode":403,"timestamp":"2026-08-12T17:36:35.707Z"}
{"durationMs":289,"level":"info","message":"HTTP request","method":"POST","path":"/api/auth/register","statusCode":201,"timestamp":"2026-08-12T17:36:36.001Z"}
{"durationMs":291,"level":"info","message":"HTTP request","method":"POST","path":"/api/auth/login","statusCode":200,"timestamp":"2026-08-12T17:36:36.296Z"}
{"durationMs":282,"level":"info","message":"HTTP request","method":"POST","path":"/api/auth/register","statusCode":201,"timestamp":"2026-08-12T17:36:36.583Z"}
{"durationMs":287,"level":"info","message":"HTTP request","method":"POST","path":"/api/auth/login","statusCode":200,"timestamp":"2026-08-12T17:36:36.875Z"}
{"durationMs":6,"level":"info","message":"HTTP request","method":"POST","path":"/api/listings","statusCode":201,"timestamp":"2026-08-12T17:36:36.884Z"}
{"durationMs":9,"level":"info","message":"HTTP request","method":"POST","path":"/api/listings/127/bookings","statusCode":201,"timestamp":"2026-08-12T17:36:36.895Z"}
{"durationMs":22,"level":"info","message":"HTTP request","method":"POST","path":"/api/listings/127/bookings","statusCode":409,"timestamp":"2026-08-12T17:36:36.920Z"}
{"durationMs":284,"level":"info","message":"HTTP request","method":"POST","path":"/api/auth/register","statusCode":201,"timestamp":"2026-08-12T17:36:37.208Z"}
{"durationMs":287,"level":"info","message":"HTTP request","method":"POST","path":"/api/auth/login","statusCode":200,"timestamp":"2026-08-12T17:36:37.499Z"}
{"durationMs":5,"level":"info","message":"HTTP request","method":"POST","path":"/api/listings","statusCode":201,"timestamp":"2026-08-12T17:36:37.506Z"}
{"durationMs":12,"level":"info","message":"HTTP request","method":"PUT","path":"/api/listings/128","statusCode":200,"timestamp":"2026-08-12T17:36:37.523Z"}
{"durationMs":322,"level":"info","message":"HTTP request","method":"POST","path":"/api/auth/register","statusCode":201,"timestamp":"2026-08-12T17:39:27.782Z"}
{"durationMs":3,"level":"info","message":"HTTP request","method":"POST","path":"/api/auth/register","statusCode":400,"timestamp":"2026-08-12T17:39:27.805Z"}
{"durationMs":1,"level":"info","message":"HTTP request","method":"POST","path":"/api/auth/register","statusCode":400,"timestamp":"2026-08-12T17:39:27.814Z"}
{"durationMs":297,"level":"info","message":"HTTP request","method":"POST","path":"/api/auth/register","statusCode":201,"timestamp":"2026-08-12T17:39:28.118Z"}
{"durationMs":302,"level":"info","message":"HTTP request","method":"POST","path":"/api/auth/register","statusCode":201,"timestamp":"2026-08-12T17:39:28.427Z"}
{"durationMs":307,"level":"info","message":"HTTP request","method":"POST","path":"/api/auth/login","statusCode":200,"timestamp":"2026-08-12T17:39:28.738Z"}
{"durationMs":308,"level":"info","message":"HTTP request","method":"POST","path":"/api/auth/register","statusCode":201,"timestamp":"2026-08-12T17:39:29.059Z"}
{"durationMs":307,"level":"info","message":"HTTP request","method":"POST","path":"/api/auth/login","statusCode":200,"timestamp":"2026-08-12T17:39:29.370Z"}
{"durationMs":325,"level":"info","message":"HTTP request","method":"POST","path":"/api/auth/register","statusCode":201,"timestamp":"2026-08-12T17:39:29.699Z"}
{"durationMs":322,"level":"info","message":"HTTP request","method":"POST","path":"/api/auth/login","statusCode":200,"timestamp":"2026-08-12T17:39:30.028Z"}
{"durationMs":10,"level":"info","message":"HTTP request","method":"POST","path":"/api/listings","statusCode":201,"timestamp":"2026-08-12T17:39:30.042Z"}
{"durationMs":300,"level":"info","message":"HTTP request","method":"POST","path":"/api/auth/register","statusCode":201,"timestamp":"2026-08-12T17:39:30.347Z"}
{"durationMs":297,"level":"info","message":"HTTP request","method":"POST","path":"/api/auth/login","statusCode":200,"timestamp":"2026-08-12T17:39:30.648Z"}
{"durationMs":2,"level":"info","message":"HTTP request","method":"POST","path":"/api/listings","statusCode":403,"timestamp":"2026-08-12T17:39:30.653Z"}
{"durationMs":294,"level":"info","message":"HTTP request","method":"POST","path":"/api/auth/register","statusCode":201,"timestamp":"2026-08-12T17:39:30.953Z"}
{"durationMs":294,"level":"info","message":"HTTP request","method":"POST","path":"/api/auth/login","statusCode":200,"timestamp":"2026-08-12T17:39:31.252Z"}
{"durationMs":296,"level":"info","message":"HTTP request","method":"POST","path":"/api/auth/register","statusCode":201,"timestamp":"2026-08-12T17:39:31.552Z"}
{"durationMs":293,"level":"info","message":"HTTP request","method":"POST","path":"/api/auth/login","statusCode":200,"timestamp":"2026-08-12T17:39:31.851Z"}
{"durationMs":6,"level":"info","message":"HTTP request","method":"POST","path":"/api/listings","statusCode":201,"timestamp":"2026-08-12T17:39:31.863Z"}
{"durationMs":11,"level":"info","message":"HTTP request","method":"POST","path":"/api/listings/130/bookings","statusCode":201,"timestamp":"2026-08-12T17:39:31.876Z"}
{"durationMs":292,"level":"info","message":"HTTP request","method":"POST","path":"/api/auth/register","statusCode":201,"timestamp":"2026-08-12T17:39:32.172Z"}
{"durationMs":303,"level":"info","message":"HTTP request","method":"POST","path":"/api/auth/login","statusCode":200,"timestamp":"2026-08-12T17:39:32.479Z"}
{"durationMs":291,"level":"info","message":"HTTP request","method":"POST","path":"/api/auth/register","statusCode":201,"timestamp":"2026-08-12T17:39:32.774Z"}
{"durationMs":291,"level":"info","message":"HTTP request","method":"POST","path":"/api/auth/login","statusCode":200,"timestamp":"2026-08-12T17:39:33.068Z"}
{"durationMs":7,"level":"info","message":"HTTP request","method":"POST","path":"/api/listings","statusCode":201,"timestamp":"2026-08-12T17:39:33.078Z"}
{"durationMs":2,"level":"info","message":"HTTP request","method":"POST","path":"/api/listings/131/bookings","statusCode":403,"timestamp":"2026-08-12T17:39:33.083Z"}
{"durationMs":291,"level":"info","message":"HTTP request","method":"POST","path":"/api/auth/register","statusCode":201,"timestamp":"2026-08-12T17:39:33.379Z"}
{"durationMs":294,"level":"info","message":"HTTP request","method":"POST","path":"/api/auth/login","statusCode":200,"timestamp":"2026-08-12T17:39:33.677Z"}
{"durationMs":292,"level":"info","message":"HTTP request","method":"POST","path":"/api/auth/register","statusCode":201,"timestamp":"2026-08-12T17:39:33.973Z"}
{"durationMs":290,"level":"info","message":"HTTP request","method":"POST","path":"/api/auth/login","statusCode":200,"timestamp":"2026-08-12T17:39:34.266Z"}
{"durationMs":6,"level":"info","message":"HTTP request","method":"POST","path":"/api/listings","statusCode":201,"timestamp":"2026-08-12T17:39:34.274Z"}
{"durationMs":9,"level":"info","message":"HTTP request","method":"POST","path":"/api/listings/132/bookings","statusCode":201,"timestamp":"2026-08-12T17:39:34.288Z"}
{"durationMs":21,"level":"info","message":"HTTP request","method":"POST","path":"/api/listings/132/bookings","statusCode":409,"timestamp":"2026-08-12T17:39:34.313Z"}
{"durationMs":293,"level":"info","message":"HTTP request","method":"POST","path":"/api/auth/register","statusCode":201,"timestamp":"2026-08-12T17:39:34.609Z"}
{"durationMs":291,"level":"info","message":"HTTP request","method":"POST","path":"/api/auth/login","statusCode":200,"timestamp":"2026-08-12T17:39:34.902Z"}
{"durationMs":7,"level":"info","message":"HTTP request","method":"POST","path":"/api/listings","statusCode":201,"timestamp":"2026-08-12T17:39:34.912Z"}
{"durationMs":11,"level":"info","message":"HTTP request","method":"PUT","path":"/api/listings/133","statusCode":200,"timestamp":"2026-08-12T17:39:34.925Z"}
{"level":"info","message":"Server started","port":"8080","timestamp":"2026-08-13T07:00:58.048Z"}
{"durationMs":294,"level":"info","message":"HTTP request","method":"POST","path":"/api/auth/register","statusCode":201,"timestamp":"2026-08-13T07:01:08.704Z"}
{"durationMs":1,"level":"info","message":"HTTP request","method":"POST","path":"/api/auth/register","statusCode":400,"timestamp":"2026-08-13T07:01:08.722Z"}
{"durationMs":4,"level":"info","message":"HTTP request","method":"POST","path":"/api/auth/register","statusCode":400,"timestamp":"2026-08-13T07:01:08.731Z"}
{"durationMs":291,"level":"info","message":"HTTP request","method":"POST","path":"/api/auth/register","statusCode":201,"timestamp":"2026-08-13T07:01:09.033Z"}
{"durationMs":311,"level":"info","message":"HTTP request","method":"POST","path":"/api/auth/register","statusCode":201,"timestamp":"2026-08-13T07:01:09.362Z"}
{"durationMs":295,"level":"info","message":"HTTP request","method":"POST","path":"/api/auth/login","statusCode":200,"timestamp":"2026-08-13T07:01:09.662Z"}
{"durationMs":282,"level":"info","message":"HTTP request","method":"POST","path":"/api/auth/register","statusCode":201,"timestamp":"2026-08-13T07:01:09.951Z"}
{"durationMs":284,"level":"info","message":"HTTP request","method":"POST","path":"/api/auth/login","statusCode":200,"timestamp":"2026-08-13T07:01:10.238Z"}
{"durationMs":284,"level":"info","message":"HTTP request","method":"POST","path":"/api/auth/register","statusCode":201,"timestamp":"2026-08-13T07:01:10.530Z"}
{"durationMs":286,"level":"info","message":"HTTP request","method":"POST","path":"/api/auth/login","statusCode":200,"timestamp":"2026-08-13T07:01:10.820Z"}
{"durationMs":12,"level":"info","message":"HTTP request","method":"POST","path":"/api/listings","statusCode":201,"timestamp":"2026-08-13T07:01:10.837Z"}
{"durationMs":282,"level":"info","message":"HTTP request","method":"POST","path":"/api/auth/register","statusCode":201,"timestamp":"2026-08-13T07:01:11.123Z"}
{"durationMs":285,"level":"info","message":"HTTP request","method":"POST","path":"/api/auth/login","statusCode":200,"timestamp":"2026-08-13T07:01:11.411Z"}
{"durationMs":1,"level":"info","message":"HTTP request","method":"POST","path":"/api/listings","statusCode":403,"timestamp":"2026-08-13T07:01:11.417Z"}
{"durationMs":284,"level":"info","message":"HTTP request","method":"POST","path":"/api/auth/register","statusCode":201,"timestamp":"2026-08-13T07:01:11.707Z"}
{"durationMs":284,"level":"info","message":"HTTP request","method":"POST","path":"/api/auth/login","statusCode":200,"timestamp":"2026-08-13T07:01:11.994Z"}
{"durationMs":347,"level":"info","message":"HTTP request","method":"POST","path":"/api/auth/register","statusCode":201,"timestamp":"2026-08-13T07:01:12.346Z"}
{"durationMs":288,"level":"info","message":"HTTP request","method":"POST","path":"/api/auth/login","statusCode":200,"timestamp":"2026-08-13T07:01:12.638Z"}
{"durationMs":4,"level":"info","message":"HTTP request","method":"POST","path":"/api/listings","statusCode":201,"timestamp":"2026-08-13T07:01:12.646Z"}
{"durationMs":11,"level":"info","message":"HTTP request","method":"POST","path":"/api/listings/135/bookings","statusCode":201,"timestamp":"2026-08-13T07:01:12.663Z"}
{"durationMs":300,"level":"info","message":"HTTP request","method":"POST","path":"/api/auth/register","statusCode":201,"timestamp":"2026-08-13T07:01:12.969Z"}
{"durationMs":281,"level":"info","message":"HTTP request","method":"POST","path":"/api/auth/login","statusCode":200,"timestamp":"2026-08-13T07:01:13.254Z"}
{"durationMs":292,"level":"info","message":"HTTP request","method":"POST","path":"/api/auth/register","statusCode":201,"timestamp":"2026-08-13T07:01:13.549Z"}
{"durationMs":277,"level":"info","message":"HTTP request","method":"POST","path":"/api/auth/login","statusCode":200,"timestamp":"2026-08-13T07:01:13.831Z"}
{"durationMs":7,"level":"info","message":"HTTP request","method":"POST","path":"/api/listings","statusCode":201,"timestamp":"2026-08-13T07:01:13.842Z"}
{"durationMs":1,"level":"info","message":"HTTP request","method":"POST","path":"/api/listings/136/bookings","statusCode":403,"timestamp":"2026-08-13T07:01:13.845Z"}
{"durationMs":293,"level":"info","message":"HTTP request","method":"POST","path":"/api/auth/register","statusCode":201,"timestamp":"2026-08-13T07:01:14.142Z"}
{"durationMs":295,"level":"info","message":"HTTP request","method":"POST","path":"/api/auth/login","statusCode":200,"timestamp":"2026-08-13T07:01:14.443Z"}
{"durationMs":286,"level":"info","message":"HTTP request","method":"POST","path":"/api/auth/register","statusCode":201,"timestamp":"2026-08-13T07:01:14.733Z"}
{"durationMs":277,"level":"info","message":"HTTP request","method":"POST","path":"/api/auth/login","statusCode":200,"timestamp":"2026-08-13T07:01:15.013Z"}
{"durationMs":7,"level":"info","message":"HTTP request","method":"POST","path":"/api/listings","statusCode":201,"timestamp":"2026-08-13T07:01:15.023Z"}
{"durationMs":6,"level":"info","message":"HTTP request","method":"POST","path":"/api/listings/137/bookings","statusCode":201,"timestamp":"2026-08-13T07:01:15.032Z"}
{"durationMs":24,"level":"info","message":"HTTP request","method":"POST","path":"/api/listings/137/bookings","statusCode":409,"timestamp":"2026-08-13T07:01:15.059Z"}
{"durationMs":288,"level":"info","message":"HTTP request","method":"POST","path":"/api/auth/register","statusCode":201,"timestamp":"2026-08-13T07:01:15.353Z"}
{"durationMs":279,"level":"info","message":"HTTP request","method":"POST","path":"/api/auth/login","statusCode":200,"timestamp":"2026-08-13T07:01:15.635Z"}
{"durationMs":6,"level":"info","message":"HTTP request","method":"POST","path":"/api/listings","statusCode":201,"timestamp":"2026-08-13T07:01:15.645Z"}
{"durationMs":7,"level":"info","message":"HTTP request","method":"PUT","path":"/api/listings/138","statusCode":200,"timestamp":"2026-08-13T07:01:15.655Z"}
{"level":"info","message":"Executing (default): SELECT 1+1 AS result","timestamp":"2026-08-13T07:01:27.121Z"}
{"level":"info","message":"Executing (default): INSERT INTO \"users\" (\"id\",\"role\",\"email\",\"passwordHash\",\"createdAt\",\"updatedAt\") VALUES (DEFAULT,$1,$2,$3,$4,$5) RETURNING \"id\",\"role\",\"email\",\"passwordHash\",\"createdAt\",\"updatedAt\";","timestamp":"2026-08-13T07:01:27.479Z"}
{"durationMs":299,"level":"info","message":"HTTP request","method":"POST","path":"/api/auth/register","statusCode":201,"timestamp":"2026-08-13T07:01:27.490Z"}
{"durationMs":3,"level":"info","message":"HTTP request","method":"POST","path":"/api/auth/register","statusCode":400,"timestamp":"2026-08-13T07:01:27.506Z"}
{"durationMs":2,"level":"info","message":"HTTP request","method":"POST","path":"/api/auth/register","statusCode":400,"timestamp":"2026-08-13T07:01:27.517Z"}
{"level":"info","message":"Executing (default): INSERT INTO \"users\" (\"id\",\"role\",\"email\",\"passwordHash\",\"createdAt\",\"updatedAt\") VALUES (DEFAULT,$1,$2,$3,$4,$5) RETURNING \"id\",\"role\",\"email\",\"passwordHash\",\"createdAt\",\"updatedAt\";","timestamp":"2026-08-13T07:01:27.817Z"}
{"durationMs":297,"level":"info","message":"HTTP request","method":"POST","path":"/api/auth/register","statusCode":201,"timestamp":"2026-08-13T07:01:27.822Z"}
{"level":"info","message":"Executing (default): INSERT INTO \"users\" (\"id\",\"role\",\"email\",\"passwordHash\",\"createdAt\",\"updatedAt\") VALUES (DEFAULT,$1,$2,$3,$4,$5) RETURNING \"id\",\"role\",\"email\",\"passwordHash\",\"createdAt\",\"updatedAt\";","timestamp":"2026-08-13T07:01:28.111Z"}
{"durationMs":287,"level":"info","message":"HTTP request","method":"POST","path":"/api/auth/register","statusCode":201,"timestamp":"2026-08-13T07:01:28.117Z"}
{"level":"info","message":"Executing (default): SELECT \"id\", \"role\", \"email\", \"passwordHash\", \"createdAt\", \"updatedAt\" FROM \"users\" AS \"User\" WHERE \"User\".\"email\" = 'guest-4d0bed85-615a-4229-aa32-d068e91a6ecc@example.com';","timestamp":"2026-08-13T07:01:28.134Z"}
{"durationMs":295,"level":"info","message":"HTTP request","method":"POST","path":"/api/auth/login","statusCode":200,"timestamp":"2026-08-13T07:01:28.421Z"}
{"level":"info","message":"Executing (default): INSERT INTO \"users\" (\"id\",\"role\",\"email\",\"passwordHash\",\"createdAt\",\"updatedAt\") VALUES (DEFAULT,$1,$2,$3,$4,$5) RETURNING \"id\",\"role\",\"email\",\"passwordHash\",\"createdAt\",\"updatedAt\";","timestamp":"2026-08-13T07:01:28.714Z"}
{"durationMs":290,"level":"info","message":"HTTP request","method":"POST","path":"/api/auth/register","statusCode":201,"timestamp":"2026-08-13T07:01:28.719Z"}
{"level":"info","message":"Executing (default): SELECT \"id\", \"role\", \"email\", \"passwordHash\", \"createdAt\", \"updatedAt\" FROM \"users\" AS \"User\" WHERE \"User\".\"email\" = 'host-fe8c5bc2-5032-4bb8-8667-89ba4510933f@example.com';","timestamp":"2026-08-13T07:01:28.726Z"}
{"durationMs":283,"level":"info","message":"HTTP request","method":"POST","path":"/api/auth/login","statusCode":200,"timestamp":"2026-08-13T07:01:29.008Z"}
{"level":"info","message":"Executing (default): INSERT INTO \"users\" (\"id\",\"role\",\"email\",\"passwordHash\",\"createdAt\",\"updatedAt\") VALUES (DEFAULT,$1,$2,$3,$4,$5) RETURNING \"id\",\"role\",\"email\",\"passwordHash\",\"createdAt\",\"updatedAt\";","timestamp":"2026-08-13T07:01:29.299Z"}
{"durationMs":290,"level":"info","message":"HTTP request","method":"POST","path":"/api/auth/register","statusCode":201,"timestamp":"2026-08-13T07:01:29.304Z"}
{"level":"info","message":"Executing (default): SELECT \"id\", \"role\", \"email\", \"passwordHash\", \"createdAt\", \"updatedAt\" FROM \"users\" AS \"User\" WHERE \"User\".\"email\" = 'host-0ab6dd84-efae-4297-9654-cd739121d889@example.com';","timestamp":"2026-08-13T07:01:29.313Z"}
{"durationMs":288,"level":"info","message":"HTTP request","method":"POST","path":"/api/auth/login","statusCode":200,"timestamp":"2026-08-13T07:01:29.599Z"}
{"level":"info","message":"Executing (default): INSERT INTO \"listings\" (\"id\",\"title\",\"description\",\"location\",\"ownerId\",\"pricePerNight\",\"createdAt\",\"updatedAt\") VALUES (DEFAULT,$1,$2,$3,$4,$5,$6,$7) RETURNING \"id\",\"title\",\"description\",\"location\",\"ownerId\",\"pricePerNight\",\"createdAt\",\"updatedAt\";","timestamp":"2026-08-13T07:01:29.614Z"}
{"durationMs":12,"level":"info","message":"HTTP request","method":"POST","path":"/api/listings","statusCode":201,"timestamp":"2026-08-13T07:01:29.620Z"}
{"level":"info","message":"Executing (default): INSERT INTO \"users\" (\"id\",\"role\",\"email\",\"passwordHash\",\"createdAt\",\"updatedAt\") VALUES (DEFAULT,$1,$2,$3,$4,$5) RETURNING \"id\",\"role\",\"email\",\"passwordHash\",\"createdAt\",\"updatedAt\";","timestamp":"2026-08-13T07:01:29.902Z"}
{"durationMs":281,"level":"info","message":"HTTP request","method":"POST","path":"/api/auth/register","statusCode":201,"timestamp":"2026-08-13T07:01:29.906Z"}
{"level":"info","message":"Executing (default): SELECT \"id\", \"role\", \"email\", \"passwordHash\", \"createdAt\", \"updatedAt\" FROM \"users\" AS \"User\" WHERE \"User\".\"email\" = 'guest-f95576a1-5e1b-49d9-86ec-496cb651537e@example.com';","timestamp":"2026-08-13T07:01:29.911Z"}
{"durationMs":291,"level":"info","message":"HTTP request","method":"POST","path":"/api/auth/login","statusCode":200,"timestamp":"2026-08-13T07:01:30.201Z"}
{"durationMs":1,"level":"info","message":"HTTP request","method":"POST","path":"/api/listings","statusCode":403,"timestamp":"2026-08-13T07:01:30.205Z"}
{"level":"info","message":"Executing (default): INSERT INTO \"users\" (\"id\",\"role\",\"email\",\"passwordHash\",\"createdAt\",\"updatedAt\") VALUES (DEFAULT,$1,$2,$3,$4,$5) RETURNING \"id\",\"role\",\"email\",\"passwordHash\",\"createdAt\",\"updatedAt\";","timestamp":"2026-08-13T07:01:30.487Z"}
{"durationMs":283,"level":"info","message":"HTTP request","method":"POST","path":"/api/auth/register","statusCode":201,"timestamp":"2026-08-13T07:01:30.492Z"}
{"level":"info","message":"Executing (default): SELECT \"id\", \"role\", \"email\", \"passwordHash\", \"createdAt\", \"updatedAt\" FROM \"users\" AS \"User\" WHERE \"User\".\"email\" = 'guest-6d3c69b4-bd27-4018-946a-5f1a71627195@example.com';","timestamp":"2026-08-13T07:01:30.498Z"}
{"durationMs":286,"level":"info","message":"HTTP request","method":"POST","path":"/api/auth/login","statusCode":200,"timestamp":"2026-08-13T07:01:30.783Z"}
{"level":"info","message":"Executing (default): INSERT INTO \"users\" (\"id\",\"role\",\"email\",\"passwordHash\",\"createdAt\",\"updatedAt\") VALUES (DEFAULT,$1,$2,$3,$4,$5) RETURNING \"id\",\"role\",\"email\",\"passwordHash\",\"createdAt\",\"updatedAt\";","timestamp":"2026-08-13T07:01:31.064Z"}
{"durationMs":283,"level":"info","message":"HTTP request","method":"POST","path":"/api/auth/register","statusCode":201,"timestamp":"2026-08-13T07:01:31.069Z"}
{"level":"info","message":"Executing (default): SELECT \"id\", \"role\", \"email\", \"passwordHash\", \"createdAt\", \"updatedAt\" FROM \"users\" AS \"User\" WHERE \"User\".\"email\" = 'host-68f19b04-06cf-44ee-a802-469d1be93ddf@example.com';","timestamp":"2026-08-13T07:01:31.075Z"}
{"durationMs":285,"level":"info","message":"HTTP request","method":"POST","path":"/api/auth/login","statusCode":200,"timestamp":"2026-08-13T07:01:31.359Z"}
{"level":"info","message":"Executing (default): INSERT INTO \"listings\" (\"id\",\"title\",\"description\",\"location\",\"ownerId\",\"pricePerNight\",\"createdAt\",\"updatedAt\") VALUES (DEFAULT,$1,$2,$3,$4,$5,$6,$7) RETURNING \"id\",\"title\",\"description\",\"location\",\"ownerId\",\"pricePerNight\",\"createdAt\",\"updatedAt\";","timestamp":"2026-08-13T07:01:31.365Z"}
{"durationMs":8,"level":"info","message":"HTTP request","method":"POST","path":"/api/listings","statusCode":201,"timestamp":"2026-08-13T07:01:31.371Z"}
{"level":"info","message":"Executing (default): SELECT \"id\", \"listingId\", \"ownerId\", \"checkIn\", \"checkOut\", \"status\", \"createdAt\", \"updatedAt\" FROM \"bookings\" AS \"Booking\" WHERE (\"Booking\".\"checkIn\" < '2026-09-01 00:00:00.000 +00:00' AND \"Booking\".\"checkOut\" > '2026-08-26 00:00:00.000 +00:00') AND \"Booking\".\"listingId\" = '140' AND \"Booking\".\"status\" IN ('PENDING', 'CONFIRMED') LIMIT 1;","timestamp":"2026-08-13T07:01:31.381Z"}
{"level":"info","message":"Executing (default): INSERT INTO \"bookings\" (\"id\",\"listingId\",\"ownerId\",\"checkIn\",\"checkOut\",\"status\",\"createdAt\",\"updatedAt\") VALUES (DEFAULT,$1,$2,$3,$4,$5,$6,$7) RETURNING \"id\",\"listingId\",\"ownerId\",\"checkIn\",\"checkOut\",\"status\",\"createdAt\",\"updatedAt\";","timestamp":"2026-08-13T07:01:31.385Z"}
{"durationMs":12,"level":"info","message":"HTTP request","method":"POST","path":"/api/listings/140/bookings","statusCode":201,"timestamp":"2026-08-13T07:01:31.388Z"}
{"level":"info","message":"Executing (default): INSERT INTO \"users\" (\"id\",\"role\",\"email\",\"passwordHash\",\"createdAt\",\"updatedAt\") VALUES (DEFAULT,$1,$2,$3,$4,$5) RETURNING \"id\",\"role\",\"email\",\"passwordHash\",\"createdAt\",\"updatedAt\";","timestamp":"2026-08-13T07:01:31.672Z"}
{"durationMs":284,"level":"info","message":"HTTP request","method":"POST","path":"/api/auth/register","statusCode":201,"timestamp":"2026-08-13T07:01:31.678Z"}
{"level":"info","message":"Executing (default): SELECT \"id\", \"role\", \"email\", \"passwordHash\", \"createdAt\", \"updatedAt\" FROM \"users\" AS \"User\" WHERE \"User\".\"email\" = 'host-8702cc15-a7e0-4d3c-aa97-bc1107cfc0fd@example.com';","timestamp":"2026-08-13T07:01:31.684Z"}
{"durationMs":289,"level":"info","message":"HTTP request","method":"POST","path":"/api/auth/login","statusCode":200,"timestamp":"2026-08-13T07:01:31.972Z"}
{"level":"info","message":"Executing (default): INSERT INTO \"users\" (\"id\",\"role\",\"email\",\"passwordHash\",\"createdAt\",\"updatedAt\") VALUES (DEFAULT,$1,$2,$3,$4,$5) RETURNING \"id\",\"role\",\"email\",\"passwordHash\",\"createdAt\",\"updatedAt\";","timestamp":"2026-08-13T07:01:32.260Z"}
{"durationMs":289,"level":"info","message":"HTTP request","method":"POST","path":"/api/auth/register","statusCode":201,"timestamp":"2026-08-13T07:01:32.265Z"}
{"level":"info","message":"Executing (default): SELECT \"id\", \"role\", \"email\", \"passwordHash\", \"createdAt\", \"updatedAt\" FROM \"users\" AS \"User\" WHERE \"User\".\"email\" = 'host-94345b93-579a-44c2-84ed-6e5c75bd53a8@example.com';","timestamp":"2026-08-13T07:01:32.271Z"}
{"durationMs":284,"level":"info","message":"HTTP request","method":"POST","path":"/api/auth/login","statusCode":200,"timestamp":"2026-08-13T07:01:32.553Z"}
{"level":"info","message":"Executing (default): INSERT INTO \"listings\" (\"id\",\"title\",\"description\",\"location\",\"ownerId\",\"pricePerNight\",\"createdAt\",\"updatedAt\") VALUES (DEFAULT,$1,$2,$3,$4,$5,$6,$7) RETURNING \"id\",\"title\",\"description\",\"location\",\"ownerId\",\"pricePerNight\",\"createdAt\",\"updatedAt\";","timestamp":"2026-08-13T07:01:32.559Z"}
{"durationMs":8,"level":"info","message":"HTTP request","method":"POST","path":"/api/listings","statusCode":201,"timestamp":"2026-08-13T07:01:32.564Z"}
{"durationMs":1,"level":"info","message":"HTTP request","method":"POST","path":"/api/listings/141/bookings","statusCode":403,"timestamp":"2026-08-13T07:01:32.570Z"}
{"level":"info","message":"Executing (default): INSERT INTO \"users\" (\"id\",\"role\",\"email\",\"passwordHash\",\"createdAt\",\"updatedAt\") VALUES (DEFAULT,$1,$2,$3,$4,$5) RETURNING \"id\",\"role\",\"email\",\"passwordHash\",\"createdAt\",\"updatedAt\";","timestamp":"2026-08-13T07:01:32.854Z"}
{"durationMs":282,"level":"info","message":"HTTP request","method":"POST","path":"/api/auth/register","statusCode":201,"timestamp":"2026-08-13T07:01:32.858Z"}
{"level":"info","message":"Executing (default): SELECT \"id\", \"role\", \"email\", \"passwordHash\", \"createdAt\", \"updatedAt\" FROM \"users\" AS \"User\" WHERE \"User\".\"email\" = 'guest-a8638d6f-238e-4478-8e1d-69ff8fddedc8@example.com';","timestamp":"2026-08-13T07:01:32.871Z"}
{"durationMs":348,"level":"info","message":"HTTP request","method":"POST","path":"/api/auth/login","statusCode":200,"timestamp":"2026-08-13T07:01:33.215Z"}
{"level":"info","message":"Executing (default): INSERT INTO \"users\" (\"id\",\"role\",\"email\",\"passwordHash\",\"createdAt\",\"updatedAt\") VALUES (DEFAULT,$1,$2,$3,$4,$5) RETURNING \"id\",\"role\",\"email\",\"passwordHash\",\"createdAt\",\"updatedAt\";","timestamp":"2026-08-13T07:01:33.507Z"}
{"durationMs":291,"level":"info","message":"HTTP request","method":"POST","path":"/api/auth/register","statusCode":201,"timestamp":"2026-08-13T07:01:33.512Z"}
{"level":"info","message":"Executing (default): SELECT \"id\", \"role\", \"email\", \"passwordHash\", \"createdAt\", \"updatedAt\" FROM \"users\" AS \"User\" WHERE \"User\".\"email\" = 'host-54810728-55a3-4870-86ba-a45acb3a1195@example.com';","timestamp":"2026-08-13T07:01:33.517Z"}
{"durationMs":281,"level":"info","message":"HTTP request","method":"POST","path":"/api/auth/login","statusCode":200,"timestamp":"2026-08-13T07:01:33.797Z"}
{"level":"info","message":"Executing (default): INSERT INTO \"listings\" (\"id\",\"title\",\"description\",\"location\",\"ownerId\",\"pricePerNight\",\"createdAt\",\"updatedAt\") VALUES (DEFAULT,$1,$2,$3,$4,$5,$6,$7) RETURNING \"id\",\"title\",\"description\",\"location\",\"ownerId\",\"pricePerNight\",\"createdAt\",\"updatedAt\";","timestamp":"2026-08-13T07:01:33.803Z"}
{"durationMs":10,"level":"info","message":"HTTP request","method":"POST","path":"/api/listings","statusCode":201,"timestamp":"2026-08-13T07:01:33.811Z"}
{"level":"info","message":"Executing (default): SELECT \"id\", \"listingId\", \"ownerId\", \"checkIn\", \"checkOut\", \"status\", \"createdAt\", \"updatedAt\" FROM \"bookings\" AS \"Booking\" WHERE (\"Booking\".\"checkIn\" < '2026-09-11 00:00:00.000 +00:00' AND \"Booking\".\"checkOut\" > '2026-09-09 00:00:00.000 +00:00') AND \"Booking\".\"listingId\" = '142' AND \"Booking\".\"status\" IN ('PENDING', 'CONFIRMED') LIMIT 1;","timestamp":"2026-08-13T07:01:33.818Z"}
{"level":"info","message":"Executing (default): INSERT INTO \"bookings\" (\"id\",\"listingId\",\"ownerId\",\"checkIn\",\"checkOut\",\"status\",\"createdAt\",\"updatedAt\") VALUES (DEFAULT,$1,$2,$3,$4,$5,$6,$7) RETURNING \"id\",\"listingId\",\"ownerId\",\"checkIn\",\"checkOut\",\"status\",\"createdAt\",\"updatedAt\";","timestamp":"2026-08-13T07:01:33.821Z"}
{"durationMs":12,"level":"info","message":"HTTP request","method":"POST","path":"/api/listings/142/bookings","statusCode":201,"timestamp":"2026-08-13T07:01:33.826Z"}
{"level":"info","message":"Executing (default): SELECT \"id\", \"listingId\", \"ownerId\", \"checkIn\", \"checkOut\", \"status\", \"createdAt\", \"updatedAt\" FROM \"bookings\" AS \"Booking\" WHERE (\"Booking\".\"checkIn\" < '2026-09-15 05:17:12.234 +00:00' AND \"Booking\".\"checkOut\" > '2026-09-10 05:17:12.234 +00:00') AND \"Booking\".\"listingId\" = '142' AND \"Booking\".\"status\" IN ('PENDING', 'CONFIRMED') LIMIT 1;","timestamp":"2026-08-13T07:01:33.832Z"}
{"durationMs":32,"level":"info","message":"HTTP request","method":"POST","path":"/api/listings/142/bookings","statusCode":409,"timestamp":"2026-08-13T07:01:33.861Z"}
{"level":"info","message":"Executing (default): INSERT INTO \"users\" (\"id\",\"role\",\"email\",\"passwordHash\",\"createdAt\",\"updatedAt\") VALUES (DEFAULT,$1,$2,$3,$4,$5) RETURNING \"id\",\"role\",\"email\",\"passwordHash\",\"createdAt\",\"updatedAt\";","timestamp":"2026-08-13T07:01:34.183Z"}
{"durationMs":314,"level":"info","message":"HTTP request","method":"POST","path":"/api/auth/register","statusCode":201,"timestamp":"2026-08-13T07:01:34.187Z"}
{"level":"info","message":"Executing (default): SELECT \"id\", \"role\", \"email\", \"passwordHash\", \"createdAt\", \"updatedAt\" FROM \"users\" AS \"User\" WHERE \"User\".\"email\" = 'host-dd3000d4-4976-44e9-9c9d-84a5dbdfdbb9@example.com';","timestamp":"2026-08-13T07:01:34.197Z"}
{"durationMs":289,"level":"info","message":"HTTP request","method":"POST","path":"/api/auth/login","statusCode":200,"timestamp":"2026-08-13T07:01:34.483Z"}
{"level":"info","message":"Executing (default): INSERT INTO \"listings\" (\"id\",\"title\",\"description\",\"location\",\"ownerId\",\"pricePerNight\",\"createdAt\",\"updatedAt\") VALUES (DEFAULT,$1,$2,$3,$4,$5,$6,$7) RETURNING \"id\",\"title\",\"description\",\"location\",\"ownerId\",\"pricePerNight\",\"createdAt\",\"updatedAt\";","timestamp":"2026-08-13T07:01:34.490Z"}
{"durationMs":7,"level":"info","message":"HTTP request","method":"POST","path":"/api/listings","statusCode":201,"timestamp":"2026-08-13T07:01:34.495Z"}
{"level":"info","message":"Executing (default): SELECT \"id\", \"title\", \"description\", \"location\", \"ownerId\", \"pricePerNight\", \"createdAt\", \"updatedAt\" FROM \"listings\" AS \"Listing\" WHERE \"Listing\".\"id\" = '143';","timestamp":"2026-08-13T07:01:34.502Z"}
{"level":"info","message":"Executing (default): UPDATE \"listings\" SET \"description\"=$1,\"pricePerNight\"=$2,\"updatedAt\"=$3 WHERE \"id\" = $4","timestamp":"2026-08-13T07:01:34.506Z"}
{"durationMs":9,"level":"info","message":"HTTP request","method":"PUT","path":"/api/listings/143","statusCode":200,"timestamp":"2026-08-13T07:01:34.508Z"}
{"level":"info","message":"Executing (default): SELECT 1+1 AS result","timestamp":"2026-08-13T07:04:45.221Z"}
{"level":"info","message":"Executing (default): INSERT INTO \"users\" (\"id\",\"role\",\"email\",\"passwordHash\",\"createdAt\",\"updatedAt\") VALUES (DEFAULT,$1,$2,$3,$4,$5) RETURNING \"id\",\"role\",\"email\",\"passwordHash\",\"createdAt\",\"updatedAt\";","timestamp":"2026-08-13T07:04:45.580Z"}
{"durationMs":299,"level":"info","message":"HTTP request","method":"POST","path":"/api/auth/register","statusCode":201,"timestamp":"2026-08-13T07:04:45.590Z"}
{"durationMs":2,"level":"info","message":"HTTP request","method":"POST","path":"/api/auth/register","statusCode":400,"timestamp":"2026-08-13T07:04:45.606Z"}
{"durationMs":2,"level":"info","message":"HTTP request","method":"POST","path":"/api/auth/register","statusCode":400,"timestamp":"2026-08-13T07:04:45.617Z"}
{"level":"info","message":"Executing (default): INSERT INTO \"users\" (\"id\",\"role\",\"email\",\"passwordHash\",\"createdAt\",\"updatedAt\") VALUES (DEFAULT,$1,$2,$3,$4,$5) RETURNING \"id\",\"role\",\"email\",\"passwordHash\",\"createdAt\",\"updatedAt\";","timestamp":"2026-08-13T07:04:45.939Z"}
{"durationMs":318,"level":"info","message":"HTTP request","method":"POST","path":"/api/auth/register","statusCode":201,"timestamp":"2026-08-13T07:04:45.943Z"}
{"level":"info","message":"Executing (default): INSERT INTO \"users\" (\"id\",\"role\",\"email\",\"passwordHash\",\"createdAt\",\"updatedAt\") VALUES (DEFAULT,$1,$2,$3,$4,$5) RETURNING \"id\",\"role\",\"email\",\"passwordHash\",\"createdAt\",\"updatedAt\";","timestamp":"2026-08-13T07:04:46.235Z"}
{"durationMs":290,"level":"info","message":"HTTP request","method":"POST","path":"/api/auth/register","statusCode":201,"timestamp":"2026-08-13T07:04:46.240Z"}
{"level":"info","message":"Executing (default): SELECT \"id\", \"role\", \"email\", \"passwordHash\", \"createdAt\", \"updatedAt\" FROM \"users\" AS \"User\" WHERE \"User\".\"email\" = 'guest-03339f49-1238-42a1-9063-e48a23945890@example.com';","timestamp":"2026-08-13T07:04:46.256Z"}
{"durationMs":319,"level":"info","message":"HTTP request","method":"POST","path":"/api/auth/login","statusCode":200,"timestamp":"2026-08-13T07:04:46.566Z"}
{"level":"info","message":"Executing (default): INSERT INTO \"users\" (\"id\",\"role\",\"email\",\"passwordHash\",\"createdAt\",\"updatedAt\") VALUES (DEFAULT,$1,$2,$3,$4,$5) RETURNING \"id\",\"role\",\"email\",\"passwordHash\",\"createdAt\",\"updatedAt\";","timestamp":"2026-08-13T07:04:46.864Z"}
{"durationMs":292,"level":"info","message":"HTTP request","method":"POST","path":"/api/auth/register","statusCode":201,"timestamp":"2026-08-13T07:04:46.868Z"}
{"level":"info","message":"Executing (default): SELECT \"id\", \"role\", \"email\", \"passwordHash\", \"createdAt\", \"updatedAt\" FROM \"users\" AS \"User\" WHERE \"User\".\"email\" = 'host-79f72947-d14a-4226-9658-66e199ab4e16@example.com';","timestamp":"2026-08-13T07:04:46.875Z"}
{"durationMs":286,"level":"info","message":"HTTP request","method":"POST","path":"/api/auth/login","statusCode":200,"timestamp":"2026-08-13T07:04:47.159Z"}
{"level":"info","message":"Executing (default): INSERT INTO \"users\" (\"id\",\"role\",\"email\",\"passwordHash\",\"createdAt\",\"updatedAt\") VALUES (DEFAULT,$1,$2,$3,$4,$5) RETURNING \"id\",\"role\",\"email\",\"passwordHash\",\"createdAt\",\"updatedAt\";","timestamp":"2026-08-13T07:04:47.457Z"}
{"durationMs":298,"level":"info","message":"HTTP request","method":"POST","path":"/api/auth/register","statusCode":201,"timestamp":"2026-08-13T07:04:47.461Z"}
{"level":"info","message":"Executing (default): SELECT \"id\", \"role\", \"email\", \"passwordHash\", \"createdAt\", \"updatedAt\" FROM \"users\" AS \"User\" WHERE \"User\".\"email\" = 'host-8416a67f-4df3-42cf-ab66-0897a1862596@example.com';","timestamp":"2026-08-13T07:04:47.472Z"}
{"durationMs":293,"level":"info","message":"HTTP request","method":"POST","path":"/api/auth/login","statusCode":200,"timestamp":"2026-08-13T07:04:47.762Z"}
{"level":"info","message":"Executing (default): INSERT INTO \"listings\" (\"id\",\"title\",\"description\",\"location\",\"ownerId\",\"pricePerNight\",\"createdAt\",\"updatedAt\") VALUES (DEFAULT,$1,$2,$3,$4,$5,$6,$7) RETURNING \"id\",\"title\",\"description\",\"location\",\"ownerId\",\"pricePerNight\",\"createdAt\",\"updatedAt\";","timestamp":"2026-08-13T07:04:47.774Z"}
{"durationMs":11,"level":"info","message":"HTTP request","method":"POST","path":"/api/listings","statusCode":201,"timestamp":"2026-08-13T07:04:47.778Z"}
{"level":"info","message":"Executing (default): INSERT INTO \"users\" (\"id\",\"role\",\"email\",\"passwordHash\",\"createdAt\",\"updatedAt\") VALUES (DEFAULT,$1,$2,$3,$4,$5) RETURNING \"id\",\"role\",\"email\",\"passwordHash\",\"createdAt\",\"updatedAt\";","timestamp":"2026-08-13T07:04:48.060Z"}
{"durationMs":282,"level":"info","message":"HTTP request","method":"POST","path":"/api/auth/register","statusCode":201,"timestamp":"2026-08-13T07:04:48.063Z"}
{"level":"info","message":"Executing (default): SELECT \"id\", \"role\", \"email\", \"passwordHash\", \"createdAt\", \"updatedAt\" FROM \"users\" AS \"User\" WHERE \"User\".\"email\" = 'guest-31b79eca-3f48-4a61-ac7d-f5b9ae51ec3d@example.com';","timestamp":"2026-08-13T07:04:48.068Z"}
{"durationMs":292,"level":"info","message":"HTTP request","method":"POST","path":"/api/auth/login","statusCode":200,"timestamp":"2026-08-13T07:04:48.358Z"}
{"durationMs":0,"level":"info","message":"HTTP request","method":"POST","path":"/api/listings","statusCode":403,"timestamp":"2026-08-13T07:04:48.362Z"}
{"level":"info","message":"Executing (default): INSERT INTO \"users\" (\"id\",\"role\",\"email\",\"passwordHash\",\"createdAt\",\"updatedAt\") VALUES (DEFAULT,$1,$2,$3,$4,$5) RETURNING \"id\",\"role\",\"email\",\"passwordHash\",\"createdAt\",\"updatedAt\";","timestamp":"2026-08-13T07:04:48.646Z"}
{"durationMs":283,"level":"info","message":"HTTP request","method":"POST","path":"/api/auth/register","statusCode":201,"timestamp":"2026-08-13T07:04:48.649Z"}
{"level":"info","message":"Executing (default): SELECT \"id\", \"role\", \"email\", \"passwordHash\", \"createdAt\", \"updatedAt\" FROM \"users\" AS \"User\" WHERE \"User\".\"email\" = 'guest-6718cab9-ca96-431a-851a-0eb151b14300@example.com';","timestamp":"2026-08-13T07:04:48.666Z"}
{"durationMs":296,"level":"info","message":"HTTP request","method":"POST","path":"/api/auth/login","statusCode":200,"timestamp":"2026-08-13T07:04:48.959Z"}
{"level":"info","message":"Executing (default): INSERT INTO \"users\" (\"id\",\"role\",\"email\",\"passwordHash\",\"createdAt\",\"updatedAt\") VALUES (DEFAULT,$1,$2,$3,$4,$5) RETURNING \"id\",\"role\",\"email\",\"passwordHash\",\"createdAt\",\"updatedAt\";","timestamp":"2026-08-13T07:04:49.247Z"}
{"durationMs":288,"level":"info","message":"HTTP request","method":"POST","path":"/api/auth/register","statusCode":201,"timestamp":"2026-08-13T07:04:49.250Z"}
{"level":"info","message":"Executing (default): SELECT \"id\", \"role\", \"email\", \"passwordHash\", \"createdAt\", \"updatedAt\" FROM \"users\" AS \"User\" WHERE \"User\".\"email\" = 'host-70572a94-df25-40aa-9d17-375b837e12dd@example.com';","timestamp":"2026-08-13T07:04:49.253Z"}
{"durationMs":287,"level":"info","message":"HTTP request","method":"POST","path":"/api/auth/login","statusCode":200,"timestamp":"2026-08-13T07:04:49.540Z"}
{"level":"info","message":"Executing (default): INSERT INTO \"listings\" (\"id\",\"title\",\"description\",\"location\",\"ownerId\",\"pricePerNight\",\"createdAt\",\"updatedAt\") VALUES (DEFAULT,$1,$2,$3,$4,$5,$6,$7) RETURNING \"id\",\"title\",\"description\",\"location\",\"ownerId\",\"pricePerNight\",\"createdAt\",\"updatedAt\";","timestamp":"2026-08-13T07:04:49.546Z"}
{"durationMs":5,"level":"info","message":"HTTP request","method":"POST","path":"/api/listings","statusCode":201,"timestamp":"2026-08-13T07:04:49.549Z"}
{"level":"info","message":"Executing (default): SELECT \"id\", \"listingId\", \"ownerId\", \"checkIn\", \"checkOut\", \"status\", \"createdAt\", \"updatedAt\" FROM \"bookings\" AS \"Booking\" WHERE (\"Booking\".\"checkIn\" < '2026-08-29 00:00:00.000 +00:00' AND \"Booking\".\"checkOut\" > '2026-08-27 00:00:00.000 +00:00') AND \"Booking\".\"listingId\" = '145' AND \"Booking\".\"status\" IN ('PENDING', 'CONFIRMED') LIMIT 1;","timestamp":"2026-08-13T07:04:49.560Z"}
{"level":"info","message":"Executing (default): INSERT INTO \"bookings\" (\"id\",\"listingId\",\"ownerId\",\"checkIn\",\"checkOut\",\"status\",\"createdAt\",\"updatedAt\") VALUES (DEFAULT,$1,$2,$3,$4,$5,$6,$7) RETURNING \"id\",\"listingId\",\"ownerId\",\"checkIn\",\"checkOut\",\"status\",\"createdAt\",\"updatedAt\";","timestamp":"2026-08-13T07:04:49.563Z"}
{"durationMs":13,"level":"info","message":"HTTP request","method":"POST","path":"/api/listings/145/bookings","statusCode":201,"timestamp":"2026-08-13T07:04:49.566Z"}
{"level":"info","message":"Executing (default): INSERT INTO \"users\" (\"id\",\"role\",\"email\",\"passwordHash\",\"createdAt\",\"updatedAt\") VALUES (DEFAULT,$1,$2,$3,$4,$5) RETURNING \"id\",\"role\",\"email\",\"passwordHash\",\"createdAt\",\"updatedAt\";","timestamp":"2026-08-13T07:04:49.856Z"}
{"durationMs":290,"level":"info","message":"HTTP request","method":"POST","path":"/api/auth/register","statusCode":201,"timestamp":"2026-08-13T07:04:49.859Z"}
{"level":"info","message":"Executing (default): SELECT \"id\", \"role\", \"email\", \"passwordHash\", \"createdAt\", \"updatedAt\" FROM \"users\" AS \"User\" WHERE \"User\".\"email\" = 'host-2c2e13e3-f8ea-47b0-9819-aef16497ef25@example.com';","timestamp":"2026-08-13T07:04:49.865Z"}
{"durationMs":284,"level":"info","message":"HTTP request","method":"POST","path":"/api/auth/login","statusCode":200,"timestamp":"2026-08-13T07:04:50.147Z"}
{"level":"info","message":"Executing (default): INSERT INTO \"users\" (\"id\",\"role\",\"email\",\"passwordHash\",\"createdAt\",\"updatedAt\") VALUES (DEFAULT,$1,$2,$3,$4,$5) RETURNING \"id\",\"role\",\"email\",\"passwordHash\",\"createdAt\",\"updatedAt\";","timestamp":"2026-08-13T07:04:50.439Z"}
{"durationMs":287,"level":"info","message":"HTTP request","method":"POST","path":"/api/auth/register","statusCode":201,"timestamp":"2026-08-13T07:04:50.442Z"}
{"level":"info","message":"Executing (default): SELECT \"id\", \"role\", \"email\", \"passwordHash\", \"createdAt\", \"updatedAt\" FROM \"users\" AS \"User\" WHERE \"User\".\"email\" = 'host-3eb6c19b-e597-450b-b2c8-864bfec08e53@example.com';","timestamp":"2026-08-13T07:04:50.448Z"}
{"durationMs":285,"level":"info","message":"HTTP request","method":"POST","path":"/api/auth/login","statusCode":200,"timestamp":"2026-08-13T07:04:50.731Z"}
{"level":"info","message":"Executing (default): INSERT INTO \"listings\" (\"id\",\"title\",\"description\",\"location\",\"ownerId\",\"pricePerNight\",\"createdAt\",\"updatedAt\") VALUES (DEFAULT,$1,$2,$3,$4,$5,$6,$7) RETURNING \"id\",\"title\",\"description\",\"location\",\"ownerId\",\"pricePerNight\",\"createdAt\",\"updatedAt\";","timestamp":"2026-08-13T07:04:50.735Z"}
{"durationMs":5,"level":"info","message":"HTTP request","method":"POST","path":"/api/listings","statusCode":201,"timestamp":"2026-08-13T07:04:50.739Z"}
{"durationMs":1,"level":"info","message":"HTTP request","method":"POST","path":"/api/listings/146/bookings","statusCode":403,"timestamp":"2026-08-13T07:04:50.744Z"}
{"level":"info","message":"Executing (default): INSERT INTO \"users\" (\"id\",\"role\",\"email\",\"passwordHash\",\"createdAt\",\"updatedAt\") VALUES (DEFAULT,$1,$2,$3,$4,$5) RETURNING \"id\",\"role\",\"email\",\"passwordHash\",\"createdAt\",\"updatedAt\";","timestamp":"2026-08-13T07:04:51.031Z"}
{"durationMs":288,"level":"info","message":"HTTP request","method":"POST","path":"/api/auth/register","statusCode":201,"timestamp":"2026-08-13T07:04:51.035Z"}
{"level":"info","message":"Executing (default): SELECT \"id\", \"role\", \"email\", \"passwordHash\", \"createdAt\", \"updatedAt\" FROM \"users\" AS \"User\" WHERE \"User\".\"email\" = 'guest-f3b64027-55ce-4dea-8775-0d6ac9ff011e@example.com';","timestamp":"2026-08-13T07:04:51.041Z"}
{"durationMs":291,"level":"info","message":"HTTP request","method":"POST","path":"/api/auth/login","statusCode":200,"timestamp":"2026-08-13T07:04:51.330Z"}
{"level":"info","message":"Executing (default): INSERT INTO \"users\" (\"id\",\"role\",\"email\",\"passwordHash\",\"createdAt\",\"updatedAt\") VALUES (DEFAULT,$1,$2,$3,$4,$5) RETURNING \"id\",\"role\",\"email\",\"passwordHash\",\"createdAt\",\"updatedAt\";","timestamp":"2026-08-13T07:04:51.614Z"}
{"durationMs":281,"level":"info","message":"HTTP request","method":"POST","path":"/api/auth/register","statusCode":201,"timestamp":"2026-08-13T07:04:51.616Z"}
{"level":"info","message":"Executing (default): SELECT \"id\", \"role\", \"email\", \"passwordHash\", \"createdAt\", \"updatedAt\" FROM \"users\" AS \"User\" WHERE \"User\".\"email\" = 'host-94c2ded8-db0f-4c56-a8de-56102eab4191@example.com';","timestamp":"2026-08-13T07:04:51.624Z"}
{"durationMs":291,"level":"info","message":"HTTP request","method":"POST","path":"/api/auth/login","statusCode":200,"timestamp":"2026-08-13T07:04:51.911Z"}
{"level":"info","message":"Executing (default): INSERT INTO \"listings\" (\"id\",\"title\",\"description\",\"location\",\"ownerId\",\"pricePerNight\",\"createdAt\",\"updatedAt\") VALUES (DEFAULT,$1,$2,$3,$4,$5,$6,$7) RETURNING \"id\",\"title\",\"description\",\"location\",\"ownerId\",\"pricePerNight\",\"createdAt\",\"updatedAt\";","timestamp":"2026-08-13T07:04:51.918Z"}
{"durationMs":7,"level":"info","message":"HTTP request","method":"POST","path":"/api/listings","statusCode":201,"timestamp":"2026-08-13T07:04:51.922Z"}
{"level":"info","message":"Executing (default): SELECT \"id\", \"listingId\", \"ownerId\", \"checkIn\", \"checkOut\", \"status\", \"createdAt\", \"updatedAt\" FROM \"bookings\" AS \"Booking\" WHERE (\"Booking\".\"checkIn\" < '2026-09-19 00:00:00.000 +00:00' AND \"Booking\".\"checkOut\" > '2026-09-12 00:00:00.000 +00:00') AND \"Booking\".\"listingId\" = '147' AND \"Booking\".\"status\" IN ('PENDING', 'CONFIRMED') LIMIT 1;","timestamp":"2026-08-13T07:04:51.928Z"}
{"level":"info","message":"Executing (default): INSERT INTO \"bookings\" (\"id\",\"listingId\",\"ownerId\",\"checkIn\",\"checkOut\",\"status\",\"createdAt\",\"updatedAt\") VALUES (DEFAULT,$1,$2,$3,$4,$5,$6,$7) RETURNING \"id\",\"listingId\",\"ownerId\",\"checkIn\",\"checkOut\",\"status\",\"createdAt\",\"updatedAt\";","timestamp":"2026-08-13T07:04:51.930Z"}
{"durationMs":6,"level":"info","message":"HTTP request","method":"POST","path":"/api/listings/147/bookings","statusCode":201,"timestamp":"2026-08-13T07:04:51.932Z"}
{"level":"info","message":"Executing (default): SELECT \"id\", \"listingId\", \"ownerId\", \"checkIn\", \"checkOut\", \"status\", \"createdAt\", \"updatedAt\" FROM \"bookings\" AS \"Booking\" WHERE (\"Booking\".\"checkIn\" < '2026-09-22 18:57:15.133 +00:00' AND \"Booking\".\"checkOut\" > '2026-09-17 18:57:15.133 +00:00') AND \"Booking\".\"listingId\" = '147' AND \"Booking\".\"status\" IN ('PENDING', 'CONFIRMED') LIMIT 1;","timestamp":"2026-08-13T07:04:51.940Z"}
{"durationMs":33,"level":"info","message":"HTTP request","method":"POST","path":"/api/listings/147/bookings","statusCode":409,"timestamp":"2026-08-13T07:04:51.968Z"}
{"level":"info","message":"Executing (default): INSERT INTO \"users\" (\"id\",\"role\",\"email\",\"passwordHash\",\"createdAt\",\"updatedAt\") VALUES (DEFAULT,$1,$2,$3,$4,$5) RETURNING \"id\",\"role\",\"email\",\"passwordHash\",\"createdAt\",\"updatedAt\";","timestamp":"2026-08-13T07:04:52.258Z"}
{"durationMs":289,"level":"info","message":"HTTP request","method":"POST","path":"/api/auth/register","statusCode":201,"timestamp":"2026-08-13T07:04:52.262Z"}
{"level":"info","message":"Executing (default): SELECT \"id\", \"role\", \"email\", \"passwordHash\", \"createdAt\", \"updatedAt\" FROM \"users\" AS \"User\" WHERE \"User\".\"email\" = 'host-249139e7-e634-4b5a-b1f1-59a2a88f1cec@example.com';","timestamp":"2026-08-13T07:04:52.266Z"}
{"durationMs":286,"level":"info","message":"HTTP request","method":"POST","path":"/api/auth/login","statusCode":200,"timestamp":"2026-08-13T07:04:52.552Z"}
{"level":"info","message":"Executing (default): INSERT INTO \"listings\" (\"id\",\"title\",\"description\",\"location\",\"ownerId\",\"pricePerNight\",\"createdAt\",\"updatedAt\") VALUES (DEFAULT,$1,$2,$3,$4,$5,$6,$7) RETURNING \"id\",\"title\",\"description\",\"location\",\"ownerId\",\"pricePerNight\",\"createdAt\",\"updatedAt\";","timestamp":"2026-08-13T07:04:52.559Z"}
{"durationMs":5,"level":"info","message":"HTTP request","method":"POST","path":"/api/listings","statusCode":201,"timestamp":"2026-08-13T07:04:52.562Z"}
{"level":"info","message":"Executing (default): SELECT \"id\", \"title\", \"description\", \"location\", \"ownerId\", \"pricePerNight\", \"createdAt\", \"updatedAt\" FROM \"listings\" AS \"Listing\" WHERE \"Listing\".\"id\" = '148';","timestamp":"2026-08-13T07:04:52.568Z"}
{"level":"info","message":"Executing (default): UPDATE \"listings\" SET \"description\"=$1,\"pricePerNight\"=$2,\"updatedAt\"=$3 WHERE \"id\" = $4","timestamp":"2026-08-13T07:04:52.573Z"}
{"durationMs":10,"level":"info","message":"HTTP request","method":"PUT","path":"/api/listings/148","statusCode":200,"timestamp":"2026-08-13T07:04:52.576Z"}
{"level":"info","message":"Executing (default): SELECT 1+1 AS result","timestamp":"2026-08-13T09:03:02.114Z"}
{"level":"info","message":"Executing (default): INSERT INTO \"users\" (\"id\",\"role\",\"email\",\"passwordHash\",\"createdAt\",\"updatedAt\") VALUES (DEFAULT,$1,$2,$3,$4,$5) RETURNING \"id\",\"role\",\"email\",\"passwordHash\",\"createdAt\",\"updatedAt\";","timestamp":"2026-08-13T09:03:02.476Z"}
{"durationMs":306,"level":"info","message":"HTTP request","method":"POST","path":"/api/auth/register","statusCode":201,"timestamp":"2026-08-13T09:03:02.490Z"}
{"durationMs":1,"level":"info","message":"HTTP request","method":"POST","path":"/api/auth/register","statusCode":400,"timestamp":"2026-08-13T09:03:02.507Z"}
{"durationMs":1,"level":"info","message":"HTTP request","method":"POST","path":"/api/auth/register","statusCode":400,"timestamp":"2026-08-13T09:03:02.514Z"}
{"level":"info","message":"Executing (default): INSERT INTO \"users\" (\"id\",\"role\",\"email\",\"passwordHash\",\"createdAt\",\"updatedAt\") VALUES (DEFAULT,$1,$2,$3,$4,$5) RETURNING \"id\",\"role\",\"email\",\"passwordHash\",\"createdAt\",\"updatedAt\";","timestamp":"2026-08-13T09:03:02.813Z"}
{"durationMs":298,"level":"info","message":"HTTP request","method":"POST","path":"/api/auth/register","statusCode":201,"timestamp":"2026-08-13T09:03:02.818Z"}
{"level":"info","message":"Executing (default): INSERT INTO \"users\" (\"id\",\"role\",\"email\",\"passwordHash\",\"createdAt\",\"updatedAt\") VALUES (DEFAULT,$1,$2,$3,$4,$5) RETURNING \"id\",\"role\",\"email\",\"passwordHash\",\"createdAt\",\"updatedAt\";","timestamp":"2026-08-13T09:03:03.127Z"}
{"durationMs":306,"level":"info","message":"HTTP request","method":"POST","path":"/api/auth/register","statusCode":201,"timestamp":"2026-08-13T09:03:03.133Z"}
{"level":"info","message":"Executing (default): SELECT \"id\", \"role\", \"email\", \"passwordHash\", \"createdAt\", \"updatedAt\" FROM \"users\" AS \"User\" WHERE \"User\".\"email\" = 'guest-e8917a38-189d-49bc-b436-4c334a78201b@example.com';","timestamp":"2026-08-13T09:03:03.144Z"}
{"durationMs":304,"level":"info","message":"HTTP request","method":"POST","path":"/api/auth/login","statusCode":200,"timestamp":"2026-08-13T09:03:03.443Z"}
{"level":"info","message":"Executing (default): INSERT INTO \"users\" (\"id\",\"role\",\"email\",\"passwordHash\",\"createdAt\",\"updatedAt\") VALUES (DEFAULT,$1,$2,$3,$4,$5) RETURNING \"id\",\"role\",\"email\",\"passwordHash\",\"createdAt\",\"updatedAt\";","timestamp":"2026-08-13T09:03:03.850Z"}
{"durationMs":396,"level":"info","message":"HTTP request","method":"POST","path":"/api/auth/register","statusCode":201,"timestamp":"2026-08-13T09:03:03.855Z"}
{"level":"info","message":"Executing (default): SELECT \"id\", \"role\", \"email\", \"passwordHash\", \"createdAt\", \"updatedAt\" FROM \"users\" AS \"User\" WHERE \"User\".\"email\" = 'host-3b68a149-fae1-40d1-b834-a679824a461d@example.com';","timestamp":"2026-08-13T09:03:03.862Z"}
{"durationMs":292,"level":"info","message":"HTTP request","method":"POST","path":"/api/auth/login","statusCode":200,"timestamp":"2026-08-13T09:03:04.152Z"}
{"level":"info","message":"Executing (default): INSERT INTO \"users\" (\"id\",\"role\",\"email\",\"passwordHash\",\"createdAt\",\"updatedAt\") VALUES (DEFAULT,$1,$2,$3,$4,$5) RETURNING \"id\",\"role\",\"email\",\"passwordHash\",\"createdAt\",\"updatedAt\";","timestamp":"2026-08-13T09:03:04.440Z"}
{"durationMs":288,"level":"info","message":"HTTP request","method":"POST","path":"/api/auth/register","statusCode":201,"timestamp":"2026-08-13T09:03:04.446Z"}
{"level":"info","message":"Executing (default): SELECT \"id\", \"role\", \"email\", \"passwordHash\", \"createdAt\", \"updatedAt\" FROM \"users\" AS \"User\" WHERE \"User\".\"email\" = 'host-88f25e8f-c540-4a4b-8299-1c18afc3ee5a@example.com';","timestamp":"2026-08-13T09:03:04.452Z"}
{"durationMs":285,"level":"info","message":"HTTP request","method":"POST","path":"/api/auth/login","statusCode":200,"timestamp":"2026-08-13T09:03:04.735Z"}
{"level":"info","message":"Executing (default): INSERT INTO \"listings\" (\"id\",\"title\",\"description\",\"location\",\"ownerId\",\"pricePerNight\",\"createdAt\",\"updatedAt\") VALUES (DEFAULT,$1,$2,$3,$4,$5,$6,$7) RETURNING \"id\",\"title\",\"description\",\"location\",\"ownerId\",\"pricePerNight\",\"createdAt\",\"updatedAt\";","timestamp":"2026-08-13T09:03:04.745Z"}
{"durationMs":11,"level":"info","message":"HTTP request","method":"POST","path":"/api/listings","statusCode":201,"timestamp":"2026-08-13T09:03:04.751Z"}
{"level":"info","message":"Executing (default): INSERT INTO \"users\" (\"id\",\"role\",\"email\",\"passwordHash\",\"createdAt\",\"updatedAt\") VALUES (DEFAULT,$1,$2,$3,$4,$5) RETURNING \"id\",\"role\",\"email\",\"passwordHash\",\"createdAt\",\"updatedAt\";","timestamp":"2026-08-13T09:03:05.038Z"}
{"durationMs":289,"level":"info","message":"HTTP request","method":"POST","path":"/api/auth/register","statusCode":201,"timestamp":"2026-08-13T09:03:05.044Z"}
{"level":"info","message":"Executing (default): SELECT \"id\", \"role\", \"email\", \"passwordHash\", \"createdAt\", \"updatedAt\" FROM \"users\" AS \"User\" WHERE \"User\".\"email\" = 'guest-d6271bc0-3657-406f-b654-884aa14a5bd4@example.com';","timestamp":"2026-08-13T09:03:05.051Z"}
{"durationMs":314,"level":"info","message":"HTTP request","method":"POST","path":"/api/auth/login","statusCode":200,"timestamp":"2026-08-13T09:03:05.363Z"}
{"durationMs":1,"level":"info","message":"HTTP request","method":"POST","path":"/api/listings","statusCode":403,"timestamp":"2026-08-13T09:03:05.368Z"}
{"level":"info","message":"Executing (default): INSERT INTO \"users\" (\"id\",\"role\",\"email\",\"passwordHash\",\"createdAt\",\"updatedAt\") VALUES (DEFAULT,$1,$2,$3,$4,$5) RETURNING \"id\",\"role\",\"email\",\"passwordHash\",\"createdAt\",\"updatedAt\";","timestamp":"2026-08-13T09:03:05.661Z"}
{"durationMs":292,"level":"info","message":"HTTP request","method":"POST","path":"/api/auth/register","statusCode":201,"timestamp":"2026-08-13T09:03:05.666Z"}
{"level":"info","message":"Executing (default): SELECT \"id\", \"role\", \"email\", \"passwordHash\", \"createdAt\", \"updatedAt\" FROM \"users\" AS \"User\" WHERE \"User\".\"email\" = 'guest-101702ed-c7ca-4d60-a5dd-392642feb044@example.com';","timestamp":"2026-08-13T09:03:05.672Z"}
{"durationMs":283,"level":"info","message":"HTTP request","method":"POST","path":"/api/auth/login","statusCode":200,"timestamp":"2026-08-13T09:03:05.954Z"}
{"level":"info","message":"Executing (default): INSERT INTO \"users\" (\"id\",\"role\",\"email\",\"passwordHash\",\"createdAt\",\"updatedAt\") VALUES (DEFAULT,$1,$2,$3,$4,$5) RETURNING \"id\",\"role\",\"email\",\"passwordHash\",\"createdAt\",\"updatedAt\";","timestamp":"2026-08-13T09:03:06.250Z"}
{"durationMs":297,"level":"info","message":"HTTP request","method":"POST","path":"/api/auth/register","statusCode":201,"timestamp":"2026-08-13T09:03:06.255Z"}
{"level":"info","message":"Executing (default): SELECT \"id\", \"role\", \"email\", \"passwordHash\", \"createdAt\", \"updatedAt\" FROM \"users\" AS \"User\" WHERE \"User\".\"email\" = 'host-15083533-431c-4c37-89f2-356168f3b40e@example.com';","timestamp":"2026-08-13T09:03:06.259Z"}
{"durationMs":314,"level":"info","message":"HTTP request","method":"POST","path":"/api/auth/login","statusCode":200,"timestamp":"2026-08-13T09:03:06.571Z"}
{"level":"info","message":"Executing (default): INSERT INTO \"listings\" (\"id\",\"title\",\"description\",\"location\",\"ownerId\",\"pricePerNight\",\"createdAt\",\"updatedAt\") VALUES (DEFAULT,$1,$2,$3,$4,$5,$6,$7) RETURNING \"id\",\"title\",\"description\",\"location\",\"ownerId\",\"pricePerNight\",\"createdAt\",\"updatedAt\";","timestamp":"2026-08-13T09:03:06.578Z"}
{"durationMs":8,"level":"info","message":"HTTP request","method":"POST","path":"/api/listings","statusCode":201,"timestamp":"2026-08-13T09:03:06.583Z"}
{"level":"info","message":"Executing (default): SELECT \"id\", \"listingId\", \"ownerId\", \"checkIn\", \"checkOut\", \"status\", \"createdAt\", \"updatedAt\" FROM \"bookings\" AS \"Booking\" WHERE (\"Booking\".\"checkIn\" < '2026-09-10 00:00:00.000 +00:00' AND \"Booking\".\"checkOut\" > '2026-09-09 00:00:00.000 +00:00') AND \"Booking\".\"listingId\" = '150' AND \"Booking\".\"status\" IN ('PENDING', 'CONFIRMED') LIMIT 1;","timestamp":"2026-08-13T09:03:06.594Z"}
{"level":"info","message":"Executing (default): INSERT INTO \"bookings\" (\"id\",\"listingId\",\"ownerId\",\"checkIn\",\"checkOut\",\"status\",\"createdAt\",\"updatedAt\") VALUES (DEFAULT,$1,$2,$3,$4,$5,$6,$7) RETURNING \"id\",\"listingId\",\"ownerId\",\"checkIn\",\"checkOut\",\"status\",\"createdAt\",\"updatedAt\";","timestamp":"2026-08-13T09:03:06.601Z"}
{"durationMs":17,"level":"info","message":"HTTP request","method":"POST","path":"/api/listings/150/bookings","statusCode":201,"timestamp":"2026-08-13T09:03:06.605Z"}
{"level":"info","message":"Executing (default): INSERT INTO \"users\" (\"id\",\"role\",\"email\",\"passwordHash\",\"createdAt\",\"updatedAt\") VALUES (DEFAULT,$1,$2,$3,$4,$5) RETURNING \"id\",\"role\",\"email\",\"passwordHash\",\"createdAt\",\"updatedAt\";","timestamp":"2026-08-13T09:03:06.897Z"}
{"durationMs":290,"level":"info","message":"HTTP request","method":"POST","path":"/api/auth/register","statusCode":201,"timestamp":"2026-08-13T09:03:06.901Z"}
{"level":"info","message":"Executing (default): SELECT \"id\", \"role\", \"email\", \"passwordHash\", \"createdAt\", \"updatedAt\" FROM \"users\" AS \"User\" WHERE \"User\".\"email\" = 'host-29fd5e13-0f22-4c72-8a4b-f1e064b86a61@example.com';","timestamp":"2026-08-13T09:03:06.908Z"}
{"durationMs":283,"level":"info","message":"HTTP request","method":"POST","path":"/api/auth/login","statusCode":200,"timestamp":"2026-08-13T09:03:07.189Z"}
{"level":"info","message":"Executing (default): INSERT INTO \"users\" (\"id\",\"role\",\"email\",\"passwordHash\",\"createdAt\",\"updatedAt\") VALUES (DEFAULT,$1,$2,$3,$4,$5) RETURNING \"id\",\"role\",\"email\",\"passwordHash\",\"createdAt\",\"updatedAt\";","timestamp":"2026-08-13T09:03:07.477Z"}
{"durationMs":291,"level":"info","message":"HTTP request","method":"POST","path":"/api/auth/register","statusCode":201,"timestamp":"2026-08-13T09:03:07.485Z"}
{"level":"info","message":"Executing (default): SELECT \"id\", \"role\", \"email\", \"passwordHash\", \"createdAt\", \"updatedAt\" FROM \"users\" AS \"User\" WHERE \"User\".\"email\" = 'host-f3c520e3-2c15-4e2a-b86d-16b66c786432@example.com';","timestamp":"2026-08-13T09:03:07.490Z"}
{"durationMs":277,"level":"info","message":"HTTP request","method":"POST","path":"/api/auth/login","statusCode":200,"timestamp":"2026-08-13T09:03:07.766Z"}
{"level":"info","message":"Executing (default): INSERT INTO \"listings\" (\"id\",\"title\",\"description\",\"location\",\"ownerId\",\"pricePerNight\",\"createdAt\",\"updatedAt\") VALUES (DEFAULT,$1,$2,$3,$4,$5,$6,$7) RETURNING \"id\",\"title\",\"description\",\"location\",\"ownerId\",\"pricePerNight\",\"createdAt\",\"updatedAt\";","timestamp":"2026-08-13T09:03:07.771Z"}
{"durationMs":9,"level":"info","message":"HTTP request","method":"POST","path":"/api/listings","statusCode":201,"timestamp":"2026-08-13T09:03:07.778Z"}
{"durationMs":2,"level":"info","message":"HTTP request","method":"POST","path":"/api/listings/151/bookings","statusCode":403,"timestamp":"2026-08-13T09:03:07.783Z"}
{"level":"info","message":"Executing (default): INSERT INTO \"users\" (\"id\",\"role\",\"email\",\"passwordHash\",\"createdAt\",\"updatedAt\") VALUES (DEFAULT,$1,$2,$3,$4,$5) RETURNING \"id\",\"role\",\"email\",\"passwordHash\",\"createdAt\",\"updatedAt\";","timestamp":"2026-08-13T09:03:08.073Z"}
{"durationMs":291,"level":"info","message":"HTTP request","method":"POST","path":"/api/auth/register","statusCode":201,"timestamp":"2026-08-13T09:03:08.080Z"}
{"level":"info","message":"Executing (default): SELECT \"id\", \"role\", \"email\", \"passwordHash\", \"createdAt\", \"updatedAt\" FROM \"users\" AS \"User\" WHERE \"User\".\"email\" = 'guest-be371be9-a645-42c0-afda-cbb46a1ea1fe@example.com';","timestamp":"2026-08-13T09:03:08.086Z"}
{"durationMs":282,"level":"info","message":"HTTP request","method":"POST","path":"/api/auth/login","statusCode":200,"timestamp":"2026-08-13T09:03:08.366Z"}
{"level":"info","message":"Executing (default): INSERT INTO \"users\" (\"id\",\"role\",\"email\",\"passwordHash\",\"createdAt\",\"updatedAt\") VALUES (DEFAULT,$1,$2,$3,$4,$5) RETURNING \"id\",\"role\",\"email\",\"passwordHash\",\"createdAt\",\"updatedAt\";","timestamp":"2026-08-13T09:03:08.655Z"}
{"durationMs":288,"level":"info","message":"HTTP request","method":"POST","path":"/api/auth/register","statusCode":201,"timestamp":"2026-08-13T09:03:08.658Z"}
{"level":"info","message":"Executing (default): SELECT \"id\", \"role\", \"email\", \"passwordHash\", \"createdAt\", \"updatedAt\" FROM \"users\" AS \"User\" WHERE \"User\".\"email\" = 'host-6d462e1f-63a3-4daf-adef-44234a8ab477@example.com';","timestamp":"2026-08-13T09:03:08.665Z"}
{"durationMs":283,"level":"info","message":"HTTP request","method":"POST","path":"/api/auth/login","statusCode":200,"timestamp":"2026-08-13T09:03:08.947Z"}
{"level":"info","message":"Executing (default): INSERT INTO \"listings\" (\"id\",\"title\",\"description\",\"location\",\"ownerId\",\"pricePerNight\",\"createdAt\",\"updatedAt\") VALUES (DEFAULT,$1,$2,$3,$4,$5,$6,$7) RETURNING \"id\",\"title\",\"description\",\"location\",\"ownerId\",\"pricePerNight\",\"createdAt\",\"updatedAt\";","timestamp":"2026-08-13T09:03:08.955Z"}
{"durationMs":7,"level":"info","message":"HTTP request","method":"POST","path":"/api/listings","statusCode":201,"timestamp":"2026-08-13T09:03:08.959Z"}
{"level":"info","message":"Executing (default): SELECT \"id\", \"listingId\", \"ownerId\", \"checkIn\", \"checkOut\", \"status\", \"createdAt\", \"updatedAt\" FROM \"bookings\" AS \"Booking\" WHERE (\"Booking\".\"checkIn\" < '2026-09-02 00:00:00.000 +00:00' AND \"Booking\".\"checkOut\" > '2026-08-27 00:00:00.000 +00:00') AND \"Booking\".\"listingId\" = '152' AND \"Booking\".\"status\" IN ('PENDING', 'CONFIRMED') LIMIT 1;","timestamp":"2026-08-13T09:03:08.965Z"}
{"level":"info","message":"Executing (default): INSERT INTO \"bookings\" (\"id\",\"listingId\",\"ownerId\",\"checkIn\",\"checkOut\",\"status\",\"createdAt\",\"updatedAt\") VALUES (DEFAULT,$1,$2,$3,$4,$5,$6,$7) RETURNING \"id\",\"listingId\",\"ownerId\",\"checkIn\",\"checkOut\",\"status\",\"createdAt\",\"updatedAt\";","timestamp":"2026-08-13T09:03:08.967Z"}
{"durationMs":7,"level":"info","message":"HTTP request","method":"POST","path":"/api/listings/152/bookings","statusCode":201,"timestamp":"2026-08-13T09:03:08.969Z"}
{"level":"info","message":"Executing (default): SELECT \"id\", \"listingId\", \"ownerId\", \"checkIn\", \"checkOut\", \"status\", \"createdAt\", \"updatedAt\" FROM \"bookings\" AS \"Booking\" WHERE (\"Booking\".\"checkIn\" < '2026-09-04 00:00:00.000 +00:00' AND \"Booking\".\"checkOut\" > '2026-08-30 00:00:00.000 +00:00') AND \"Booking\".\"listingId\" = '152' AND \"Booking\".\"status\" IN ('PENDING', 'CONFIRMED') LIMIT 1;","timestamp":"2026-08-13T09:03:08.975Z"}
{"durationMs":27,"level":"info","message":"HTTP request","method":"POST","path":"/api/listings/152/bookings","statusCode":409,"timestamp":"2026-08-13T09:03:08.999Z"}
{"level":"info","message":"Executing (default): INSERT INTO \"users\" (\"id\",\"role\",\"email\",\"passwordHash\",\"createdAt\",\"updatedAt\") VALUES (DEFAULT,$1,$2,$3,$4,$5) RETURNING \"id\",\"role\",\"email\",\"passwordHash\",\"createdAt\",\"updatedAt\";","timestamp":"2026-08-13T09:03:09.291Z"}
{"durationMs":292,"level":"info","message":"HTTP request","method":"POST","path":"/api/auth/register","statusCode":201,"timestamp":"2026-08-13T09:03:09.295Z"}
{"level":"info","message":"Executing (default): SELECT \"id\", \"role\", \"email\", \"passwordHash\", \"createdAt\", \"updatedAt\" FROM \"users\" AS \"User\" WHERE \"User\".\"email\" = 'host-f5dd423c-f029-49dc-9ece-8814c937d7ac@example.com';","timestamp":"2026-08-13T09:03:09.300Z"}
{"durationMs":282,"level":"info","message":"HTTP request","method":"POST","path":"/api/auth/login","statusCode":200,"timestamp":"2026-08-13T09:03:09.581Z"}
{"level":"info","message":"Executing (default): INSERT INTO \"listings\" (\"id\",\"title\",\"description\",\"location\",\"ownerId\",\"pricePerNight\",\"createdAt\",\"updatedAt\") VALUES (DEFAULT,$1,$2,$3,$4,$5,$6,$7) RETURNING \"id\",\"title\",\"description\",\"location\",\"ownerId\",\"pricePerNight\",\"createdAt\",\"updatedAt\";","timestamp":"2026-08-13T09:03:09.587Z"}
{"durationMs":6,"level":"info","message":"HTTP request","method":"POST","path":"/api/listings","statusCode":201,"timestamp":"2026-08-13T09:03:09.590Z"}
{"level":"info","message":"Executing (default): SELECT \"id\", \"title\", \"description\", \"location\", \"ownerId\", \"pricePerNight\", \"createdAt\", \"updatedAt\" FROM \"listings\" AS \"Listing\" WHERE \"Listing\".\"id\" = '153';","timestamp":"2026-08-13T09:03:09.597Z"}
{"level":"info","message":"Executing (default): UPDATE \"listings\" SET \"description\"=$1,\"pricePerNight\"=$2,\"updatedAt\"=$3 WHERE \"id\" = $4","timestamp":"2026-08-13T09:03:09.600Z"}
{"durationMs":9,"level":"info","message":"HTTP request","method":"PUT","path":"/api/listings/153","statusCode":200,"timestamp":"2026-08-13T09:03:09.603Z"}
{"level":"info","message":"Executing (default): SELECT 1+1 AS result","timestamp":"2026-08-13T09:05:47.005Z"}
{"level":"info","message":"Executing (default): INSERT INTO \"users\" (\"id\",\"role\",\"email\",\"passwordHash\",\"createdAt\",\"updatedAt\") VALUES (DEFAULT,$1,$2,$3,$4,$5) RETURNING \"id\",\"role\",\"email\",\"passwordHash\",\"createdAt\",\"updatedAt\";","timestamp":"2026-08-13T09:05:47.370Z"}
{"durationMs":311,"level":"info","message":"HTTP request","method":"POST","path":"/api/auth/register","statusCode":201,"timestamp":"2026-08-13T09:05:47.382Z"}
{"durationMs":2,"level":"info","message":"HTTP request","method":"POST","path":"/api/auth/register","statusCode":400,"timestamp":"2026-08-13T09:05:47.402Z"}
{"durationMs":2,"level":"info","message":"HTTP request","method":"POST","path":"/api/auth/register","statusCode":400,"timestamp":"2026-08-13T09:05:47.412Z"}
{"level":"info","message":"Executing (default): INSERT INTO \"users\" (\"id\",\"role\",\"email\",\"passwordHash\",\"createdAt\",\"updatedAt\") VALUES (DEFAULT,$1,$2,$3,$4,$5) RETURNING \"id\",\"role\",\"email\",\"passwordHash\",\"createdAt\",\"updatedAt\";","timestamp":"2026-08-13T09:05:47.714Z"}
{"durationMs":301,"level":"info","message":"HTTP request","method":"POST","path":"/api/auth/register","statusCode":201,"timestamp":"2026-08-13T09:05:47.720Z"}
{"level":"info","message":"Executing (default): INSERT INTO \"users\" (\"id\",\"role\",\"email\",\"passwordHash\",\"createdAt\",\"updatedAt\") VALUES (DEFAULT,$1,$2,$3,$4,$5) RETURNING \"id\",\"role\",\"email\",\"passwordHash\",\"createdAt\",\"updatedAt\";","timestamp":"2026-08-13T09:05:48.020Z"}
{"durationMs":297,"level":"info","message":"HTTP request","method":"POST","path":"/api/auth/register","statusCode":201,"timestamp":"2026-08-13T09:05:48.025Z"}
{"level":"info","message":"Executing (default): SELECT \"id\", \"role\", \"email\", \"passwordHash\", \"createdAt\", \"updatedAt\" FROM \"users\" AS \"User\" WHERE \"User\".\"email\" = 'guest-3624b4f5-6485-434f-a8cc-0db492ac3f9e@example.com';","timestamp":"2026-08-13T09:05:48.038Z"}
{"durationMs":302,"level":"info","message":"HTTP request","method":"POST","path":"/api/auth/login","statusCode":200,"timestamp":"2026-08-13T09:05:48.332Z"}
{"level":"info","message":"Executing (default): INSERT INTO \"users\" (\"id\",\"role\",\"email\",\"passwordHash\",\"createdAt\",\"updatedAt\") VALUES (DEFAULT,$1,$2,$3,$4,$5) RETURNING \"id\",\"role\",\"email\",\"passwordHash\",\"createdAt\",\"updatedAt\";","timestamp":"2026-08-13T09:05:48.628Z"}
{"durationMs":295,"level":"info","message":"HTTP request","method":"POST","path":"/api/auth/register","statusCode":201,"timestamp":"2026-08-13T09:05:48.633Z"}
{"level":"info","message":"Executing (default): SELECT \"id\", \"role\", \"email\", \"passwordHash\", \"createdAt\", \"updatedAt\" FROM \"users\" AS \"User\" WHERE \"User\".\"email\" = 'host-ed6f259c-1b54-4504-8d83-41eec7ca9022@example.com';","timestamp":"2026-08-13T09:05:48.639Z"}
{"durationMs":290,"level":"info","message":"HTTP request","method":"POST","path":"/api/auth/login","statusCode":200,"timestamp":"2026-08-13T09:05:48.928Z"}
{"level":"info","message":"Executing (default): INSERT INTO \"users\" (\"id\",\"role\",\"email\",\"passwordHash\",\"createdAt\",\"updatedAt\") VALUES (DEFAULT,$1,$2,$3,$4,$5) RETURNING \"id\",\"role\",\"email\",\"passwordHash\",\"createdAt\",\"updatedAt\";","timestamp":"2026-08-13T09:05:49.223Z"}
{"durationMs":299,"level":"info","message":"HTTP request","method":"POST","path":"/api/auth/register","statusCode":201,"timestamp":"2026-08-13T09:05:49.233Z"}
{"level":"info","message":"Executing (default): SELECT \"id\", \"role\", \"email\", \"passwordHash\", \"createdAt\", \"updatedAt\" FROM \"users\" AS \"User\" WHERE \"User\".\"email\" = 'host-50a27a45-2cac-4cbb-86fe-cac36e986c8a@example.com';","timestamp":"2026-08-13T09:05:49.238Z"}
{"durationMs":291,"level":"info","message":"HTTP request","method":"POST","path":"/api/auth/login","statusCode":200,"timestamp":"2026-08-13T09:05:49.528Z"}
{"level":"info","message":"Executing (default): INSERT INTO \"listings\" (\"id\",\"title\",\"description\",\"location\",\"ownerId\",\"pricePerNight\",\"createdAt\",\"updatedAt\") VALUES (DEFAULT,$1,$2,$3,$4,$5,$6,$7) RETURNING \"id\",\"title\",\"description\",\"location\",\"ownerId\",\"pricePerNight\",\"createdAt\",\"updatedAt\";","timestamp":"2026-08-13T09:05:49.538Z"}
{"durationMs":9,"level":"info","message":"HTTP request","method":"POST","path":"/api/listings","statusCode":201,"timestamp":"2026-08-13T09:05:49.542Z"}
{"level":"info","message":"Executing (default): INSERT INTO \"users\" (\"id\",\"role\",\"email\",\"passwordHash\",\"createdAt\",\"updatedAt\") VALUES (DEFAULT,$1,$2,$3,$4,$5) RETURNING \"id\",\"role\",\"email\",\"passwordHash\",\"createdAt\",\"updatedAt\";","timestamp":"2026-08-13T09:05:49.834Z"}
{"durationMs":292,"level":"info","message":"HTTP request","method":"POST","path":"/api/auth/register","statusCode":201,"timestamp":"2026-08-13T09:05:49.838Z"}
{"level":"info","message":"Executing (default): SELECT \"id\", \"role\", \"email\", \"passwordHash\", \"createdAt\", \"updatedAt\" FROM \"users\" AS \"User\" WHERE \"User\".\"email\" = 'guest-9d575ebe-b484-47e6-a615-a84fbac79467@example.com';","timestamp":"2026-08-13T09:05:49.843Z"}
{"durationMs":290,"level":"info","message":"HTTP request","method":"POST","path":"/api/auth/login","statusCode":200,"timestamp":"2026-08-13T09:05:50.132Z"}
{"durationMs":1,"level":"info","message":"HTTP request","method":"POST","path":"/api/listings","statusCode":403,"timestamp":"2026-08-13T09:05:50.137Z"}
{"level":"info","message":"Executing (default): INSERT INTO \"users\" (\"id\",\"role\",\"email\",\"passwordHash\",\"createdAt\",\"updatedAt\") VALUES (DEFAULT,$1,$2,$3,$4,$5) RETURNING \"id\",\"role\",\"email\",\"passwordHash\",\"createdAt\",\"updatedAt\";","timestamp":"2026-08-13T09:05:50.433Z"}
{"durationMs":293,"level":"info","message":"HTTP request","method":"POST","path":"/api/auth/register","statusCode":201,"timestamp":"2026-08-13T09:05:50.436Z"}
{"level":"info","message":"Executing (default): SELECT \"id\", \"role\", \"email\", \"passwordHash\", \"createdAt\", \"updatedAt\" FROM \"users\" AS \"User\" WHERE \"User\".\"email\" = 'guest-07421b88-6462-4421-8e33-774445277442@example.com';","timestamp":"2026-08-13T09:05:50.441Z"}
{"durationMs":289,"level":"info","message":"HTTP request","method":"POST","path":"/api/auth/login","statusCode":200,"timestamp":"2026-08-13T09:05:50.729Z"}
{"level":"info","message":"Executing (default): INSERT INTO \"users\" (\"id\",\"role\",\"email\",\"passwordHash\",\"createdAt\",\"updatedAt\") VALUES (DEFAULT,$1,$2,$3,$4,$5) RETURNING \"id\",\"role\",\"email\",\"passwordHash\",\"createdAt\",\"updatedAt\";","timestamp":"2026-08-13T09:05:51.024Z"}
{"durationMs":294,"level":"info","message":"HTTP request","method":"POST","path":"/api/auth/register","statusCode":201,"timestamp":"2026-08-13T09:05:51.027Z"}
{"level":"info","message":"Executing (default): SELECT \"id\", \"role\", \"email\", \"passwordHash\", \"createdAt\", \"updatedAt\" FROM \"users\" AS \"User\" WHERE \"User\".\"email\" = 'host-020662b4-8f46-4e48-aeaf-ec0321468a8e@example.com';","timestamp":"2026-08-13T09:05:51.031Z"}
{"durationMs":289,"level":"info","message":"HTTP request","method":"POST","path":"/api/auth/login","statusCode":200,"timestamp":"2026-08-13T09:05:51.319Z"}
{"level":"info","message":"Executing (default): INSERT INTO \"listings\" (\"id\",\"title\",\"description\",\"location\",\"ownerId\",\"pricePerNight\",\"createdAt\",\"updatedAt\") VALUES (DEFAULT,$1,$2,$3,$4,$5,$6,$7) RETURNING \"id\",\"title\",\"description\",\"location\",\"ownerId\",\"pricePerNight\",\"createdAt\",\"updatedAt\";","timestamp":"2026-08-13T09:05:51.323Z"}
{"durationMs":6,"level":"info","message":"HTTP request","method":"POST","path":"/api/listings","statusCode":201,"timestamp":"2026-08-13T09:05:51.327Z"}
{"level":"info","message":"Executing (default): SELECT \"id\", \"listingId\", \"ownerId\", \"checkIn\", \"checkOut\", \"status\", \"createdAt\", \"updatedAt\" FROM \"bookings\" AS \"Booking\" WHERE (\"Booking\".\"checkIn\" < '2026-08-20 00:00:00.000 +00:00' AND \"Booking\".\"checkOut\" > '2026-08-16 00:00:00.000 +00:00') AND \"Booking\".\"listingId\" = '155' AND \"Booking\".\"status\" IN ('PENDING', 'CONFIRMED') LIMIT 1;","timestamp":"2026-08-13T09:05:51.338Z"}
{"level":"info","message":"Executing (default): INSERT INTO \"bookings\" (\"id\",\"listingId\",\"ownerId\",\"checkIn\",\"checkOut\",\"status\",\"createdAt\",\"updatedAt\") VALUES (DEFAULT,$1,$2,$3,$4,$5,$6,$7) RETURNING \"id\",\"listingId\",\"ownerId\",\"checkIn\",\"checkOut\",\"status\",\"createdAt\",\"updatedAt\";","timestamp":"2026-08-13T09:05:51.341Z"}
{"durationMs":12,"level":"info","message":"HTTP request","method":"POST","path":"/api/listings/155/bookings","statusCode":201,"timestamp":"2026-08-13T09:05:51.344Z"}
{"level":"info","message":"Executing (default): INSERT INTO \"users\" (\"id\",\"role\",\"email\",\"passwordHash\",\"createdAt\",\"updatedAt\") VALUES (DEFAULT,$1,$2,$3,$4,$5) RETURNING \"id\",\"role\",\"email\",\"passwordHash\",\"createdAt\",\"updatedAt\";","timestamp":"2026-08-13T09:05:51.636Z"}
{"durationMs":291,"level":"info","message":"HTTP request","method":"POST","path":"/api/auth/register","statusCode":201,"timestamp":"2026-08-13T09:05:51.639Z"}
{"level":"info","message":"Executing (default): SELECT \"id\", \"role\", \"email\", \"passwordHash\", \"createdAt\", \"updatedAt\" FROM \"users\" AS \"User\" WHERE \"User\".\"email\" = 'host-9f4dfc36-2bf8-4095-9b1b-d6da2e2072c1@example.com';","timestamp":"2026-08-13T09:05:51.643Z"}
{"durationMs":287,"level":"info","message":"HTTP request","method":"POST","path":"/api/auth/login","statusCode":200,"timestamp":"2026-08-13T09:05:51.929Z"}
{"level":"info","message":"Executing (default): INSERT INTO \"users\" (\"id\",\"role\",\"email\",\"passwordHash\",\"createdAt\",\"updatedAt\") VALUES (DEFAULT,$1,$2,$3,$4,$5) RETURNING \"id\",\"role\",\"email\",\"passwordHash\",\"createdAt\",\"updatedAt\";","timestamp":"2026-08-13T09:05:52.219Z"}
{"durationMs":289,"level":"info","message":"HTTP request","method":"POST","path":"/api/auth/register","statusCode":201,"timestamp":"2026-08-13T09:05:52.222Z"}
{"level":"info","message":"Executing (default): SELECT \"id\", \"role\", \"email\", \"passwordHash\", \"createdAt\", \"updatedAt\" FROM \"users\" AS \"User\" WHERE \"User\".\"email\" = 'host-8e9afa16-711a-460a-a9f7-5d7a9fb462a7@example.com';","timestamp":"2026-08-13T09:05:52.227Z"}
{"durationMs":292,"level":"info","message":"HTTP request","method":"POST","path":"/api/auth/login","statusCode":200,"timestamp":"2026-08-13T09:05:52.518Z"}
{"level":"info","message":"Executing (default): INSERT INTO \"listings\" (\"id\",\"title\",\"description\",\"location\",\"ownerId\",\"pricePerNight\",\"createdAt\",\"updatedAt\") VALUES (DEFAULT,$1,$2,$3,$4,$5,$6,$7) RETURNING \"id\",\"title\",\"description\",\"location\",\"ownerId\",\"pricePerNight\",\"createdAt\",\"updatedAt\";","timestamp":"2026-08-13T09:05:52.526Z"}
{"durationMs":6,"level":"info","message":"HTTP request","method":"POST","path":"/api/listings","statusCode":201,"timestamp":"2026-08-13T09:05:52.530Z"}
{"durationMs":0,"level":"info","message":"HTTP request","method":"POST","path":"/api/listings/156/bookings","statusCode":403,"timestamp":"2026-08-13T09:05:52.533Z"}
{"level":"info","message":"Executing (default): INSERT INTO \"users\" (\"id\",\"role\",\"email\",\"passwordHash\",\"createdAt\",\"updatedAt\") VALUES (DEFAULT,$1,$2,$3,$4,$5) RETURNING \"id\",\"role\",\"email\",\"passwordHash\",\"createdAt\",\"updatedAt\";","timestamp":"2026-08-13T09:05:52.825Z"}
{"durationMs":291,"level":"info","message":"HTTP request","method":"POST","path":"/api/auth/register","statusCode":201,"timestamp":"2026-08-13T09:05:52.828Z"}
{"level":"info","message":"Executing (default): SELECT \"id\", \"role\", \"email\", \"passwordHash\", \"createdAt\", \"updatedAt\" FROM \"users\" AS \"User\" WHERE \"User\".\"email\" = 'guest-83942e54-b899-467b-bfc1-95af83082854@example.com';","timestamp":"2026-08-13T09:05:52.832Z"}
{"durationMs":290,"level":"info","message":"HTTP request","method":"POST","path":"/api/auth/login","statusCode":200,"timestamp":"2026-08-13T09:05:53.120Z"}
{"level":"info","message":"Executing (default): INSERT INTO \"users\" (\"id\",\"role\",\"email\",\"passwordHash\",\"createdAt\",\"updatedAt\") VALUES (DEFAULT,$1,$2,$3,$4,$5) RETURNING \"id\",\"role\",\"email\",\"passwordHash\",\"createdAt\",\"updatedAt\";","timestamp":"2026-08-13T09:05:53.410Z"}
{"durationMs":289,"level":"info","message":"HTTP request","method":"POST","path":"/api/auth/register","statusCode":201,"timestamp":"2026-08-13T09:05:53.413Z"}
{"level":"info","message":"Executing (default): SELECT \"id\", \"role\", \"email\", \"passwordHash\", \"createdAt\", \"updatedAt\" FROM \"users\" AS \"User\" WHERE \"User\".\"email\" = 'host-04f739c3-bc97-4d74-bcc6-081e6ae4a258@example.com';","timestamp":"2026-08-13T09:05:53.418Z"}
{"durationMs":292,"level":"info","message":"HTTP request","method":"POST","path":"/api/auth/login","statusCode":200,"timestamp":"2026-08-13T09:05:53.708Z"}
{"level":"info","message":"Executing (default): INSERT INTO \"listings\" (\"id\",\"title\",\"description\",\"location\",\"ownerId\",\"pricePerNight\",\"createdAt\",\"updatedAt\") VALUES (DEFAULT,$1,$2,$3,$4,$5,$6,$7) RETURNING \"id\",\"title\",\"description\",\"location\",\"ownerId\",\"pricePerNight\",\"createdAt\",\"updatedAt\";","timestamp":"2026-08-13T09:05:53.713Z"}
{"durationMs":6,"level":"info","message":"HTTP request","method":"POST","path":"/api/listings","statusCode":201,"timestamp":"2026-08-13T09:05:53.716Z"}
{"level":"info","message":"Executing (default): SELECT \"id\", \"listingId\", \"ownerId\", \"checkIn\", \"checkOut\", \"status\", \"createdAt\", \"updatedAt\" FROM \"bookings\" AS \"Booking\" WHERE (\"Booking\".\"checkIn\" < '2026-09-04 00:00:00.000 +00:00' AND \"Booking\".\"checkOut\" > '2026-09-02 00:00:00.000 +00:00') AND \"Booking\".\"listingId\" = '157' AND \"Booking\".\"status\" IN ('PENDING', 'CONFIRMED') LIMIT 1;","timestamp":"2026-08-13T09:05:53.723Z"}
{"level":"info","message":"Executing (default): INSERT INTO \"bookings\" (\"id\",\"listingId\",\"ownerId\",\"checkIn\",\"checkOut\",\"status\",\"createdAt\",\"updatedAt\") VALUES (DEFAULT,$1,$2,$3,$4,$5,$6,$7) RETURNING \"id\",\"listingId\",\"ownerId\",\"checkIn\",\"checkOut\",\"status\",\"createdAt\",\"updatedAt\";","timestamp":"2026-08-13T09:05:53.726Z"}
{"durationMs":8,"level":"info","message":"HTTP request","method":"POST","path":"/api/listings/157/bookings","statusCode":201,"timestamp":"2026-08-13T09:05:53.728Z"}
{"durationMs":1,"level":"info","message":"HTTP request","method":"POST","path":"/api/listings/157/bookings","statusCode":400,"timestamp":"2026-08-13T09:05:53.732Z"}
{"level":"info","message":"Executing (default): INSERT INTO \"users\" (\"id\",\"role\",\"email\",\"passwordHash\",\"createdAt\",\"updatedAt\") VALUES (DEFAULT,$1,$2,$3,$4,$5) RETURNING \"id\",\"role\",\"email\",\"passwordHash\",\"createdAt\",\"updatedAt\";","timestamp":"2026-08-13T09:05:54.038Z"}
{"durationMs":293,"level":"info","message":"HTTP request","method":"POST","path":"/api/auth/register","statusCode":201,"timestamp":"2026-08-13T09:05:54.042Z"}
{"level":"info","message":"Executing (default): SELECT \"id\", \"role\", \"email\", \"passwordHash\", \"createdAt\", \"updatedAt\" FROM \"users\" AS \"User\" WHERE \"User\".\"email\" = 'host-fb15dec8-3d5d-4b4b-9d35-fb9a592537fb@example.com';","timestamp":"2026-08-13T09:05:54.047Z"}
{"durationMs":290,"level":"info","message":"HTTP request","method":"POST","path":"/api/auth/login","statusCode":200,"timestamp":"2026-08-13T09:05:54.335Z"}
{"level":"info","message":"Executing (default): INSERT INTO \"listings\" (\"id\",\"title\",\"description\",\"location\",\"ownerId\",\"pricePerNight\",\"createdAt\",\"updatedAt\") VALUES (DEFAULT,$1,$2,$3,$4,$5,$6,$7) RETURNING \"id\",\"title\",\"description\",\"location\",\"ownerId\",\"pricePerNight\",\"createdAt\",\"updatedAt\";","timestamp":"2026-08-13T09:05:54.343Z"}
{"durationMs":7,"level":"info","message":"HTTP request","method":"POST","path":"/api/listings","statusCode":201,"timestamp":"2026-08-13T09:05:54.346Z"}
{"level":"info","message":"Executing (default): SELECT \"id\", \"title\", \"description\", \"location\", \"ownerId\", \"pricePerNight\", \"createdAt\", \"updatedAt\" FROM \"listings\" AS \"Listing\" WHERE \"Listing\".\"id\" = '158';","timestamp":"2026-08-13T09:05:54.353Z"}
{"level":"info","message":"Executing (default): UPDATE \"listings\" SET \"description\"=$1,\"pricePerNight\"=$2,\"updatedAt\"=$3 WHERE \"id\" = $4","timestamp":"2026-08-13T09:05:54.357Z"}
{"durationMs":9,"level":"info","message":"HTTP request","method":"PUT","path":"/api/listings/158","statusCode":200,"timestamp":"2026-08-13T09:05:54.359Z"}
{"level":"info","message":"Executing (default): SELECT 1+1 AS result","timestamp":"2026-08-13T09:06:38.225Z"}
{"level":"info","message":"Executing (default): INSERT INTO \"users\" (\"id\",\"role\",\"email\",\"passwordHash\",\"createdAt\",\"updatedAt\") VALUES (DEFAULT,$1,$2,$3,$4,$5) RETURNING \"id\",\"role\",\"email\",\"passwordHash\",\"createdAt\",\"updatedAt\";","timestamp":"2026-08-13T09:06:38.576Z"}
{"durationMs":328,"level":"info","message":"HTTP request","method":"POST","path":"/api/auth/register","statusCode":201,"timestamp":"2026-08-13T09:06:38.616Z"}
{"durationMs":2,"level":"info","message":"HTTP request","method":"POST","path":"/api/auth/register","statusCode":400,"timestamp":"2026-08-13T09:06:38.637Z"}
{"durationMs":2,"level":"info","message":"HTTP request","method":"POST","path":"/api/auth/register","statusCode":400,"timestamp":"2026-08-13T09:06:38.646Z"}
{"level":"info","message":"Executing (default): INSERT INTO \"users\" (\"id\",\"role\",\"email\",\"passwordHash\",\"createdAt\",\"updatedAt\") VALUES (DEFAULT,$1,$2,$3,$4,$5) RETURNING \"id\",\"role\",\"email\",\"passwordHash\",\"createdAt\",\"updatedAt\";","timestamp":"2026-08-13T09:06:39.003Z"}
{"durationMs":356,"level":"info","message":"HTTP request","method":"POST","path":"/api/auth/register","statusCode":201,"timestamp":"2026-08-13T09:06:39.009Z"}
{"level":"info","message":"Executing (default): INSERT INTO \"users\" (\"id\",\"role\",\"email\",\"passwordHash\",\"createdAt\",\"updatedAt\") VALUES (DEFAULT,$1,$2,$3,$4,$5) RETURNING \"id\",\"role\",\"email\",\"passwordHash\",\"createdAt\",\"updatedAt\";","timestamp":"2026-08-13T09:06:39.302Z"}
{"durationMs":286,"level":"info","message":"HTTP request","method":"POST","path":"/api/auth/register","statusCode":201,"timestamp":"2026-08-13T09:06:39.306Z"}
{"level":"info","message":"Executing (default): SELECT \"id\", \"role\", \"email\", \"passwordHash\", \"createdAt\", \"updatedAt\" FROM \"users\" AS \"User\" WHERE \"User\".\"email\" = 'guest-50389b1c-4fb2-46a6-96ae-d96b2ff76d4e@example.com';","timestamp":"2026-08-13T09:06:39.321Z"}
{"durationMs":301,"level":"info","message":"HTTP request","method":"POST","path":"/api/auth/login","statusCode":200,"timestamp":"2026-08-13T09:06:39.613Z"}
{"level":"info","message":"Executing (default): INSERT INTO \"users\" (\"id\",\"role\",\"email\",\"passwordHash\",\"createdAt\",\"updatedAt\") VALUES (DEFAULT,$1,$2,$3,$4,$5) RETURNING \"id\",\"role\",\"email\",\"passwordHash\",\"createdAt\",\"updatedAt\";","timestamp":"2026-08-13T09:06:39.903Z"}
{"durationMs":288,"level":"info","message":"HTTP request","method":"POST","path":"/api/auth/register","statusCode":201,"timestamp":"2026-08-13T09:06:39.907Z"}
{"level":"info","message":"Executing (default): SELECT \"id\", \"role\", \"email\", \"passwordHash\", \"createdAt\", \"updatedAt\" FROM \"users\" AS \"User\" WHERE \"User\".\"email\" = 'host-611681cb-af8e-4a53-9fb0-2aa000c2d98d@example.com';","timestamp":"2026-08-13T09:06:39.914Z"}
{"durationMs":305,"level":"info","message":"HTTP request","method":"POST","path":"/api/auth/login","statusCode":200,"timestamp":"2026-08-13T09:06:40.217Z"}
{"level":"info","message":"Executing (default): INSERT INTO \"users\" (\"id\",\"role\",\"email\",\"passwordHash\",\"createdAt\",\"updatedAt\") VALUES (DEFAULT,$1,$2,$3,$4,$5) RETURNING \"id\",\"role\",\"email\",\"passwordHash\",\"createdAt\",\"updatedAt\";","timestamp":"2026-08-13T09:06:40.511Z"}
{"durationMs":289,"level":"info","message":"HTTP request","method":"POST","path":"/api/auth/register","statusCode":201,"timestamp":"2026-08-13T09:06:40.514Z"}
{"level":"info","message":"Executing (default): SELECT \"id\", \"role\", \"email\", \"passwordHash\", \"createdAt\", \"updatedAt\" FROM \"users\" AS \"User\" WHERE \"User\".\"email\" = 'host-c0421feb-d992-4b9f-8d89-d2edd2e1a547@example.com';","timestamp":"2026-08-13T09:06:40.524Z"}
{"durationMs":290,"level":"info","message":"HTTP request","method":"POST","path":"/api/auth/login","statusCode":200,"timestamp":"2026-08-13T09:06:40.812Z"}
{"level":"info","message":"Executing (default): INSERT INTO \"listings\" (\"id\",\"title\",\"description\",\"location\",\"ownerId\",\"pricePerNight\",\"createdAt\",\"updatedAt\") VALUES (DEFAULT,$1,$2,$3,$4,$5,$6,$7) RETURNING \"id\",\"title\",\"description\",\"location\",\"ownerId\",\"pricePerNight\",\"createdAt\",\"updatedAt\";","timestamp":"2026-08-13T09:06:40.824Z"}
{"durationMs":12,"level":"info","message":"HTTP request","method":"POST","path":"/api/listings","statusCode":201,"timestamp":"2026-08-13T09:06:40.828Z"}
{"level":"info","message":"Executing (default): INSERT INTO \"users\" (\"id\",\"role\",\"email\",\"passwordHash\",\"createdAt\",\"updatedAt\") VALUES (DEFAULT,$1,$2,$3,$4,$5) RETURNING \"id\",\"role\",\"email\",\"passwordHash\",\"createdAt\",\"updatedAt\";","timestamp":"2026-08-13T09:06:41.116Z"}
{"durationMs":286,"level":"info","message":"HTTP request","method":"POST","path":"/api/auth/register","statusCode":201,"timestamp":"2026-08-13T09:06:41.120Z"}
{"level":"info","message":"Executing (default): SELECT \"id\", \"role\", \"email\", \"passwordHash\", \"createdAt\", \"updatedAt\" FROM \"users\" AS \"User\" WHERE \"User\".\"email\" = 'guest-11fbe45a-f64a-41fc-ba80-14eb616328f1@example.com';","timestamp":"2026-08-13T09:06:41.129Z"}
{"durationMs":289,"level":"info","message":"HTTP request","method":"POST","path":"/api/auth/login","statusCode":200,"timestamp":"2026-08-13T09:06:41.415Z"}
{"durationMs":2,"level":"info","message":"HTTP request","method":"POST","path":"/api/listings","statusCode":403,"timestamp":"2026-08-13T09:06:41.424Z"}
{"level":"info","message":"Executing (default): INSERT INTO \"users\" (\"id\",\"role\",\"email\",\"passwordHash\",\"createdAt\",\"updatedAt\") VALUES (DEFAULT,$1,$2,$3,$4,$5) RETURNING \"id\",\"role\",\"email\",\"passwordHash\",\"createdAt\",\"updatedAt\";","timestamp":"2026-08-13T09:06:41.708Z"}
{"durationMs":283,"level":"info","message":"HTTP request","method":"POST","path":"/api/auth/register","statusCode":201,"timestamp":"2026-08-13T09:06:41.712Z"}
{"level":"info","message":"Executing (default): SELECT \"id\", \"role\", \"email\", \"passwordHash\", \"createdAt\", \"updatedAt\" FROM \"users\" AS \"User\" WHERE \"User\".\"email\" = 'guest-18ddf146-aa1e-4b1c-bfb7-f310c524e2ba@example.com';","timestamp":"2026-08-13T09:06:41.719Z"}
{"durationMs":304,"level":"info","message":"HTTP request","method":"POST","path":"/api/auth/login","statusCode":200,"timestamp":"2026-08-13T09:06:42.022Z"}
{"level":"info","message":"Executing (default): INSERT INTO \"users\" (\"id\",\"role\",\"email\",\"passwordHash\",\"createdAt\",\"updatedAt\") VALUES (DEFAULT,$1,$2,$3,$4,$5) RETURNING \"id\",\"role\",\"email\",\"passwordHash\",\"createdAt\",\"updatedAt\";","timestamp":"2026-08-13T09:06:42.312Z"}
{"durationMs":290,"level":"info","message":"HTTP request","method":"POST","path":"/api/auth/register","statusCode":201,"timestamp":"2026-08-13T09:06:42.316Z"}
{"level":"info","message":"Executing (default): SELECT \"id\", \"role\", \"email\", \"passwordHash\", \"createdAt\", \"updatedAt\" FROM \"users\" AS \"User\" WHERE \"User\".\"email\" = 'host-d53ca256-5e13-41a0-8850-dbe90b442b88@example.com';","timestamp":"2026-08-13T09:06:42.320Z"}
{"durationMs":291,"level":"info","message":"HTTP request","method":"POST","path":"/api/auth/login","statusCode":200,"timestamp":"2026-08-13T09:06:42.610Z"}
{"level":"info","message":"Executing (default): INSERT INTO \"listings\" (\"id\",\"title\",\"description\",\"location\",\"ownerId\",\"pricePerNight\",\"createdAt\",\"updatedAt\") VALUES (DEFAULT,$1,$2,$3,$4,$5,$6,$7) RETURNING \"id\",\"title\",\"description\",\"location\",\"ownerId\",\"pricePerNight\",\"createdAt\",\"updatedAt\";","timestamp":"2026-08-13T09:06:42.617Z"}
{"durationMs":5,"level":"info","message":"HTTP request","method":"POST","path":"/api/listings","statusCode":201,"timestamp":"2026-08-13T09:06:42.620Z"}
{"level":"info","message":"Executing (default): SELECT \"id\", \"listingId\", \"ownerId\", \"checkIn\", \"checkOut\", \"status\", \"createdAt\", \"updatedAt\" FROM \"bookings\" AS \"Booking\" WHERE (\"Booking\".\"checkIn\" < '2026-08-27 00:00:00.000 +00:00' AND \"Booking\".\"checkOut\" > '2026-08-25 00:00:00.000 +00:00') AND \"Booking\".\"listingId\" = '160' AND \"Booking\".\"status\" IN ('PENDING', 'CONFIRMED') LIMIT 1;","timestamp":"2026-08-13T09:06:42.632Z"}
{"level":"info","message":"Executing (default): INSERT INTO \"bookings\" (\"id\",\"listingId\",\"ownerId\",\"checkIn\",\"checkOut\",\"status\",\"createdAt\",\"updatedAt\") VALUES (DEFAULT,$1,$2,$3,$4,$5,$6,$7) RETURNING \"id\",\"listingId\",\"ownerId\",\"checkIn\",\"checkOut\",\"status\",\"createdAt\",\"updatedAt\";","timestamp":"2026-08-13T09:06:42.635Z"}
{"durationMs":13,"level":"info","message":"HTTP request","method":"POST","path":"/api/listings/160/bookings","statusCode":201,"timestamp":"2026-08-13T09:06:42.638Z"}
{"level":"info","message":"Executing (default): INSERT INTO \"users\" (\"id\",\"role\",\"email\",\"passwordHash\",\"createdAt\",\"updatedAt\") VALUES (DEFAULT,$1,$2,$3,$4,$5) RETURNING \"id\",\"role\",\"email\",\"passwordHash\",\"createdAt\",\"updatedAt\";","timestamp":"2026-08-13T09:06:42.923Z"}
{"durationMs":284,"level":"info","message":"HTTP request","method":"POST","path":"/api/auth/register","statusCode":201,"timestamp":"2026-08-13T09:06:42.926Z"}
{"level":"info","message":"Executing (default): SELECT \"id\", \"role\", \"email\", \"passwordHash\", \"createdAt\", \"updatedAt\" FROM \"users\" AS \"User\" WHERE \"User\".\"email\" = 'host-f7ac20e8-00e0-4be2-89d7-37db5df53463@example.com';","timestamp":"2026-08-13T09:06:42.932Z"}
{"durationMs":295,"level":"info","message":"HTTP request","method":"POST","path":"/api/auth/login","statusCode":200,"timestamp":"2026-08-13T09:06:43.225Z"}
{"level":"info","message":"Executing (default): INSERT INTO \"users\" (\"id\",\"role\",\"email\",\"passwordHash\",\"createdAt\",\"updatedAt\") VALUES (DEFAULT,$1,$2,$3,$4,$5) RETURNING \"id\",\"role\",\"email\",\"passwordHash\",\"createdAt\",\"updatedAt\";","timestamp":"2026-08-13T09:06:43.511Z"}
{"durationMs":285,"level":"info","message":"HTTP request","method":"POST","path":"/api/auth/register","statusCode":201,"timestamp":"2026-08-13T09:06:43.514Z"}
{"level":"info","message":"Executing (default): SELECT \"id\", \"role\", \"email\", \"passwordHash\", \"createdAt\", \"updatedAt\" FROM \"users\" AS \"User\" WHERE \"User\".\"email\" = 'host-d60fc476-97b7-4173-9aca-e97aabee215b@example.com';","timestamp":"2026-08-13T09:06:43.517Z"}
{"durationMs":280,"level":"info","message":"HTTP request","method":"POST","path":"/api/auth/login","statusCode":200,"timestamp":"2026-08-13T09:06:43.796Z"}
{"level":"info","message":"Executing (default): INSERT INTO \"listings\" (\"id\",\"title\",\"description\",\"location\",\"ownerId\",\"pricePerNight\",\"createdAt\",\"updatedAt\") VALUES (DEFAULT,$1,$2,$3,$4,$5,$6,$7) RETURNING \"id\",\"title\",\"description\",\"location\",\"ownerId\",\"pricePerNight\",\"createdAt\",\"updatedAt\";","timestamp":"2026-08-13T09:06:43.801Z"}
{"durationMs":5,"level":"info","message":"HTTP request","method":"POST","path":"/api/listings","statusCode":201,"timestamp":"2026-08-13T09:06:43.805Z"}
{"durationMs":2,"level":"info","message":"HTTP request","method":"POST","path":"/api/listings/161/bookings","statusCode":403,"timestamp":"2026-08-13T09:06:43.812Z"}
{"level":"info","message":"Executing (default): INSERT INTO \"users\" (\"id\",\"role\",\"email\",\"passwordHash\",\"createdAt\",\"updatedAt\") VALUES (DEFAULT,$1,$2,$3,$4,$5) RETURNING \"id\",\"role\",\"email\",\"passwordHash\",\"createdAt\",\"updatedAt\";","timestamp":"2026-08-13T09:06:44.098Z"}
{"durationMs":283,"level":"info","message":"HTTP request","method":"POST","path":"/api/auth/register","statusCode":201,"timestamp":"2026-08-13T09:06:44.101Z"}
{"level":"info","message":"Executing (default): SELECT \"id\", \"role\", \"email\", \"passwordHash\", \"createdAt\", \"updatedAt\" FROM \"users\" AS \"User\" WHERE \"User\".\"email\" = 'guest-0b02b7cb-37d0-4616-af12-8359d6bd7ece@example.com';","timestamp":"2026-08-13T09:06:44.106Z"}
{"durationMs":293,"level":"info","message":"HTTP request","method":"POST","path":"/api/auth/login","statusCode":200,"timestamp":"2026-08-13T09:06:44.398Z"}
{"level":"info","message":"Executing (default): INSERT INTO \"users\" (\"id\",\"role\",\"email\",\"passwordHash\",\"createdAt\",\"updatedAt\") VALUES (DEFAULT,$1,$2,$3,$4,$5) RETURNING \"id\",\"role\",\"email\",\"passwordHash\",\"createdAt\",\"updatedAt\";","timestamp":"2026-08-13T09:06:44.681Z"}
{"durationMs":281,"level":"info","message":"HTTP request","method":"POST","path":"/api/auth/register","statusCode":201,"timestamp":"2026-08-13T09:06:44.684Z"}
{"level":"info","message":"Executing (default): SELECT \"id\", \"role\", \"email\", \"passwordHash\", \"createdAt\", \"updatedAt\" FROM \"users\" AS \"User\" WHERE \"User\".\"email\" = 'host-531448c6-bc6c-4d7e-8198-bffaa5559bec@example.com';","timestamp":"2026-08-13T09:06:44.689Z"}
{"durationMs":282,"level":"info","message":"HTTP request","method":"POST","path":"/api/auth/login","statusCode":200,"timestamp":"2026-08-13T09:06:44.970Z"}
{"level":"info","message":"Executing (default): INSERT INTO \"listings\" (\"id\",\"title\",\"description\",\"location\",\"ownerId\",\"pricePerNight\",\"createdAt\",\"updatedAt\") VALUES (DEFAULT,$1,$2,$3,$4,$5,$6,$7) RETURNING \"id\",\"title\",\"description\",\"location\",\"ownerId\",\"pricePerNight\",\"createdAt\",\"updatedAt\";","timestamp":"2026-08-13T09:06:44.977Z"}
{"durationMs":6,"level":"info","message":"HTTP request","method":"POST","path":"/api/listings","statusCode":201,"timestamp":"2026-08-13T09:06:44.980Z"}
{"level":"info","message":"Executing (default): SELECT \"id\", \"listingId\", \"ownerId\", \"checkIn\", \"checkOut\", \"status\", \"createdAt\", \"updatedAt\" FROM \"bookings\" AS \"Booking\" WHERE (\"Booking\".\"checkIn\" < '2026-08-29 00:00:00.000 +00:00' AND \"Booking\".\"checkOut\" > '2026-08-26 00:00:00.000 +00:00') AND \"Booking\".\"listingId\" = '162' AND \"Booking\".\"status\" IN ('PENDING', 'CONFIRMED') LIMIT 1;","timestamp":"2026-08-13T09:06:44.990Z"}
{"level":"info","message":"Executing (default): INSERT INTO \"bookings\" (\"id\",\"listingId\",\"ownerId\",\"checkIn\",\"checkOut\",\"status\",\"createdAt\",\"updatedAt\") VALUES (DEFAULT,$1,$2,$3,$4,$5,$6,$7) RETURNING \"id\",\"listingId\",\"ownerId\",\"checkIn\",\"checkOut\",\"status\",\"createdAt\",\"updatedAt\";","timestamp":"2026-08-13T09:06:44.992Z"}
{"durationMs":9,"level":"info","message":"HTTP request","method":"POST","path":"/api/listings/162/bookings","statusCode":201,"timestamp":"2026-08-13T09:06:44.995Z"}
{"level":"info","message":"Executing (default): SELECT \"id\", \"listingId\", \"ownerId\", \"checkIn\", \"checkOut\", \"status\", \"createdAt\", \"updatedAt\" FROM \"bookings\" AS \"Booking\" WHERE (\"Booking\".\"checkIn\" < '2026-09-03 00:00:00.000 +00:00' AND \"Booking\".\"checkOut\" > '2026-08-29 00:00:00.000 +00:00') AND \"Booking\".\"listingId\" = '162' AND \"Booking\".\"status\" IN ('PENDING', 'CONFIRMED') LIMIT 1;","timestamp":"2026-08-13T09:06:44.999Z"}
{"level":"info","message":"Executing (default): INSERT INTO \"bookings\" (\"id\",\"listingId\",\"ownerId\",\"checkIn\",\"checkOut\",\"status\",\"createdAt\",\"updatedAt\") VALUES (DEFAULT,$1,$2,$3,$4,$5,$6,$7) RETURNING \"id\",\"listingId\",\"ownerId\",\"checkIn\",\"checkOut\",\"status\",\"createdAt\",\"updatedAt\";","timestamp":"2026-08-13T09:06:45.001Z"}
{"durationMs":7,"level":"info","message":"HTTP request","method":"POST","path":"/api/listings/162/bookings","statusCode":201,"timestamp":"2026-08-13T09:06:45.004Z"}
{"level":"info","message":"Executing (default): INSERT INTO \"users\" (\"id\",\"role\",\"email\",\"passwordHash\",\"createdAt\",\"updatedAt\") VALUES (DEFAULT,$1,$2,$3,$4,$5) RETURNING \"id\",\"role\",\"email\",\"passwordHash\",\"createdAt\",\"updatedAt\";","timestamp":"2026-08-13T09:06:45.311Z"}
{"durationMs":292,"level":"info","message":"HTTP request","method":"POST","path":"/api/auth/register","statusCode":201,"timestamp":"2026-08-13T09:06:45.313Z"}
{"level":"info","message":"Executing (default): SELECT \"id\", \"role\", \"email\", \"passwordHash\", \"createdAt\", \"updatedAt\" FROM \"users\" AS \"User\" WHERE \"User\".\"email\" = 'host-c715dd78-7a1c-4465-9fde-11e724c0cd24@example.com';","timestamp":"2026-08-13T09:06:45.318Z"}
{"durationMs":284,"level":"info","message":"HTTP request","method":"POST","path":"/api/auth/login","statusCode":200,"timestamp":"2026-08-13T09:06:45.601Z"}
{"level":"info","message":"Executing (default): INSERT INTO \"listings\" (\"id\",\"title\",\"description\",\"location\",\"ownerId\",\"pricePerNight\",\"createdAt\",\"updatedAt\") VALUES (DEFAULT,$1,$2,$3,$4,$5,$6,$7) RETURNING \"id\",\"title\",\"description\",\"location\",\"ownerId\",\"pricePerNight\",\"createdAt\",\"updatedAt\";","timestamp":"2026-08-13T09:06:45.609Z"}
{"durationMs":7,"level":"info","message":"HTTP request","method":"POST","path":"/api/listings","statusCode":201,"timestamp":"2026-08-13T09:06:45.613Z"}
{"level":"info","message":"Executing (default): SELECT \"id\", \"title\", \"description\", \"location\", \"ownerId\", \"pricePerNight\", \"createdAt\", \"updatedAt\" FROM \"listings\" AS \"Listing\" WHERE \"Listing\".\"id\" = '163';","timestamp":"2026-08-13T09:06:45.617Z"}
{"level":"info","message":"Executing (default): UPDATE \"listings\" SET \"description\"=$1,\"pricePerNight\"=$2,\"updatedAt\"=$3 WHERE \"id\" = $4","timestamp":"2026-08-13T09:06:45.622Z"}
{"durationMs":9,"level":"info","message":"HTTP request","method":"PUT","path":"/api/listings/163","statusCode":200,"timestamp":"2026-08-13T09:06:45.624Z"}
{"level":"info","message":"Executing (default): SELECT 1+1 AS result","timestamp":"2026-08-13T09:07:38.521Z"}
{"level":"info","message":"Executing (default): INSERT INTO \"users\" (\"id\",\"role\",\"email\",\"passwordHash\",\"createdAt\",\"updatedAt\") VALUES (DEFAULT,$1,$2,$3,$4,$5) RETURNING \"id\",\"role\",\"email\",\"passwordHash\",\"createdAt\",\"updatedAt\";","timestamp":"2026-08-13T09:07:38.879Z"}
{"durationMs":304,"level":"info","message":"HTTP request","method":"POST","path":"/api/auth/register","statusCode":201,"timestamp":"2026-08-13T09:07:38.892Z"}
{"durationMs":3,"level":"info","message":"HTTP request","method":"POST","path":"/api/auth/register","statusCode":400,"timestamp":"2026-08-13T09:07:38.909Z"}
{"durationMs":1,"level":"info","message":"HTTP request","method":"POST","path":"/api/auth/register","statusCode":400,"timestamp":"2026-08-13T09:07:38.918Z"}
{"level":"info","message":"Executing (default): INSERT INTO \"users\" (\"id\",\"role\",\"email\",\"passwordHash\",\"createdAt\",\"updatedAt\") VALUES (DEFAULT,$1,$2,$3,$4,$5) RETURNING \"id\",\"role\",\"email\",\"passwordHash\",\"createdAt\",\"updatedAt\";","timestamp":"2026-08-13T09:07:39.216Z"}
{"durationMs":296,"level":"info","message":"HTTP request","method":"POST","path":"/api/auth/register","statusCode":201,"timestamp":"2026-08-13T09:07:39.221Z"}
{"level":"info","message":"Executing (default): INSERT INTO \"users\" (\"id\",\"role\",\"email\",\"passwordHash\",\"createdAt\",\"updatedAt\") VALUES (DEFAULT,$1,$2,$3,$4,$5) RETURNING \"id\",\"role\",\"email\",\"passwordHash\",\"createdAt\",\"updatedAt\";","timestamp":"2026-08-13T09:07:39.504Z"}
{"durationMs":281,"level":"info","message":"HTTP request","method":"POST","path":"/api/auth/register","statusCode":201,"timestamp":"2026-08-13T09:07:39.509Z"}
{"level":"info","message":"Executing (default): SELECT \"id\", \"role\", \"email\", \"passwordHash\", \"createdAt\", \"updatedAt\" FROM \"users\" AS \"User\" WHERE \"User\".\"email\" = 'guest-aaebb79b-ad67-47c9-8841-22088d5fd606@example.com';","timestamp":"2026-08-13T09:07:39.523Z"}
{"durationMs":290,"level":"info","message":"HTTP request","method":"POST","path":"/api/auth/login","statusCode":200,"timestamp":"2026-08-13T09:07:39.805Z"}
{"level":"info","message":"Executing (default): INSERT INTO \"users\" (\"id\",\"role\",\"email\",\"passwordHash\",\"createdAt\",\"updatedAt\") VALUES (DEFAULT,$1,$2,$3,$4,$5) RETURNING \"id\",\"role\",\"email\",\"passwordHash\",\"createdAt\",\"updatedAt\";","timestamp":"2026-08-13T09:07:40.091Z"}
{"durationMs":286,"level":"info","message":"HTTP request","method":"POST","path":"/api/auth/register","statusCode":201,"timestamp":"2026-08-13T09:07:40.096Z"}
{"level":"info","message":"Executing (default): SELECT \"id\", \"role\", \"email\", \"passwordHash\", \"createdAt\", \"updatedAt\" FROM \"users\" AS \"User\" WHERE \"User\".\"email\" = 'host-c091a548-a8c7-4a69-95fc-e6d347bcb3c9@example.com';","timestamp":"2026-08-13T09:07:40.106Z"}
{"durationMs":284,"level":"info","message":"HTTP request","method":"POST","path":"/api/auth/login","statusCode":200,"timestamp":"2026-08-13T09:07:40.388Z"}
{"level":"info","message":"Executing (default): INSERT INTO \"users\" (\"id\",\"role\",\"email\",\"passwordHash\",\"createdAt\",\"updatedAt\") VALUES (DEFAULT,$1,$2,$3,$4,$5) RETURNING \"id\",\"role\",\"email\",\"passwordHash\",\"createdAt\",\"updatedAt\";","timestamp":"2026-08-13T09:07:40.676Z"}
{"durationMs":284,"level":"info","message":"HTTP request","method":"POST","path":"/api/auth/register","statusCode":201,"timestamp":"2026-08-13T09:07:40.682Z"}
{"level":"info","message":"Executing (default): SELECT \"id\", \"role\", \"email\", \"passwordHash\", \"createdAt\", \"updatedAt\" FROM \"users\" AS \"User\" WHERE \"User\".\"email\" = 'host-61c47aa5-9c73-46e5-8f6e-7a6180d00816@example.com';","timestamp":"2026-08-13T09:07:40.688Z"}
{"durationMs":281,"level":"info","message":"HTTP request","method":"POST","path":"/api/auth/login","statusCode":200,"timestamp":"2026-08-13T09:07:40.968Z"}
{"level":"info","message":"Executing (default): INSERT INTO \"listings\" (\"id\",\"title\",\"description\",\"location\",\"ownerId\",\"pricePerNight\",\"createdAt\",\"updatedAt\") VALUES (DEFAULT,$1,$2,$3,$4,$5,$6,$7) RETURNING \"id\",\"title\",\"description\",\"location\",\"ownerId\",\"pricePerNight\",\"createdAt\",\"updatedAt\";","timestamp":"2026-08-13T09:07:40.979Z"}
{"durationMs":11,"level":"info","message":"HTTP request","method":"POST","path":"/api/listings","statusCode":201,"timestamp":"2026-08-13T09:07:40.984Z"}
{"level":"info","message":"Executing (default): INSERT INTO \"users\" (\"id\",\"role\",\"email\",\"passwordHash\",\"createdAt\",\"updatedAt\") VALUES (DEFAULT,$1,$2,$3,$4,$5) RETURNING \"id\",\"role\",\"email\",\"passwordHash\",\"createdAt\",\"updatedAt\";","timestamp":"2026-08-13T09:07:41.268Z"}
{"durationMs":284,"level":"info","message":"HTTP request","method":"POST","path":"/api/auth/register","statusCode":201,"timestamp":"2026-08-13T09:07:41.273Z"}
{"level":"info","message":"Executing (default): SELECT \"id\", \"role\", \"email\", \"passwordHash\", \"createdAt\", \"updatedAt\" FROM \"users\" AS \"User\" WHERE \"User\".\"email\" = 'guest-94a33dfe-8d3b-4d7e-a30b-bf0f25ff58fb@example.com';","timestamp":"2026-08-13T09:07:41.281Z"}
{"durationMs":299,"level":"info","message":"HTTP request","method":"POST","path":"/api/auth/login","statusCode":200,"timestamp":"2026-08-13T09:07:41.578Z"}
{"durationMs":2,"level":"info","message":"HTTP request","method":"POST","path":"/api/listings","statusCode":403,"timestamp":"2026-08-13T09:07:41.583Z"}
{"level":"info","message":"Executing (default): INSERT INTO \"users\" (\"id\",\"role\",\"email\",\"passwordHash\",\"createdAt\",\"updatedAt\") VALUES (DEFAULT,$1,$2,$3,$4,$5) RETURNING \"id\",\"role\",\"email\",\"passwordHash\",\"createdAt\",\"updatedAt\";","timestamp":"2026-08-13T09:07:41.871Z"}
{"durationMs":287,"level":"info","message":"HTTP request","method":"POST","path":"/api/auth/register","statusCode":201,"timestamp":"2026-08-13T09:07:41.876Z"}
{"level":"info","message":"Executing (default): SELECT \"id\", \"role\", \"email\", \"passwordHash\", \"createdAt\", \"updatedAt\" FROM \"users\" AS \"User\" WHERE \"User\".\"email\" = 'guest-b97c1b2a-a163-46a7-9d18-59482a53416f@example.com';","timestamp":"2026-08-13T09:07:41.880Z"}
{"durationMs":280,"level":"info","message":"HTTP request","method":"POST","path":"/api/auth/login","statusCode":200,"timestamp":"2026-08-13T09:07:42.159Z"}
{"level":"info","message":"Executing (default): INSERT INTO \"users\" (\"id\",\"role\",\"email\",\"passwordHash\",\"createdAt\",\"updatedAt\") VALUES (DEFAULT,$1,$2,$3,$4,$5) RETURNING \"id\",\"role\",\"email\",\"passwordHash\",\"createdAt\",\"updatedAt\";","timestamp":"2026-08-13T09:07:42.451Z"}
{"durationMs":293,"level":"info","message":"HTTP request","method":"POST","path":"/api/auth/register","statusCode":201,"timestamp":"2026-08-13T09:07:42.455Z"}
{"level":"info","message":"Executing (default): SELECT \"id\", \"role\", \"email\", \"passwordHash\", \"createdAt\", \"updatedAt\" FROM \"users\" AS \"User\" WHERE \"User\".\"email\" = 'host-fdef6607-2943-44b4-a36c-8fe67d9173fd@example.com';","timestamp":"2026-08-13T09:07:42.460Z"}
{"durationMs":290,"level":"info","message":"HTTP request","method":"POST","path":"/api/auth/login","statusCode":200,"timestamp":"2026-08-13T09:07:42.749Z"}
{"level":"info","message":"Executing (default): INSERT INTO \"listings\" (\"id\",\"title\",\"description\",\"location\",\"ownerId\",\"pricePerNight\",\"createdAt\",\"updatedAt\") VALUES (DEFAULT,$1,$2,$3,$4,$5,$6,$7) RETURNING \"id\",\"title\",\"description\",\"location\",\"ownerId\",\"pricePerNight\",\"createdAt\",\"updatedAt\";","timestamp":"2026-08-13T09:07:42.755Z"}
{"durationMs":7,"level":"info","message":"HTTP request","method":"POST","path":"/api/listings","statusCode":201,"timestamp":"2026-08-13T09:07:42.760Z"}
{"level":"info","message":"Executing (default): SELECT \"id\", \"listingId\", \"ownerId\", \"checkIn\", \"checkOut\", \"status\", \"createdAt\", \"updatedAt\" FROM \"bookings\" AS \"Booking\" WHERE (\"Booking\".\"checkIn\" < '2026-09-09 00:00:00.000 +00:00' AND \"Booking\".\"checkOut\" > '2026-09-04 00:00:00.000 +00:00') AND \"Booking\".\"listingId\" = '165' AND \"Booking\".\"status\" IN ('PENDING', 'CONFIRMED') LIMIT 1;","timestamp":"2026-08-13T09:07:42.771Z"}
{"level":"info","message":"Executing (default): INSERT INTO \"bookings\" (\"id\",\"listingId\",\"ownerId\",\"checkIn\",\"checkOut\",\"status\",\"createdAt\",\"updatedAt\") VALUES (DEFAULT,$1,$2,$3,$4,$5,$6,$7) RETURNING \"id\",\"listingId\",\"ownerId\",\"checkIn\",\"checkOut\",\"status\",\"createdAt\",\"updatedAt\";","timestamp":"2026-08-13T09:07:42.775Z"}
{"durationMs":13,"level":"info","message":"HTTP request","method":"POST","path":"/api/listings/165/bookings","statusCode":201,"timestamp":"2026-08-13T09:07:42.778Z"}
{"level":"info","message":"Executing (default): INSERT INTO \"users\" (\"id\",\"role\",\"email\",\"passwordHash\",\"createdAt\",\"updatedAt\") VALUES (DEFAULT,$1,$2,$3,$4,$5) RETURNING \"id\",\"role\",\"email\",\"passwordHash\",\"createdAt\",\"updatedAt\";","timestamp":"2026-08-13T09:07:43.074Z"}
{"durationMs":296,"level":"info","message":"HTTP request","method":"POST","path":"/api/auth/register","statusCode":201,"timestamp":"2026-08-13T09:07:43.079Z"}
{"level":"info","message":"Executing (default): SELECT \"id\", \"role\", \"email\", \"passwordHash\", \"createdAt\", \"updatedAt\" FROM \"users\" AS \"User\" WHERE \"User\".\"email\" = 'host-e1583556-bfe8-4690-8235-d9886b61002a@example.com';","timestamp":"2026-08-13T09:07:43.084Z"}
{"durationMs":296,"level":"info","message":"HTTP request","method":"POST","path":"/api/auth/login","statusCode":200,"timestamp":"2026-08-13T09:07:43.379Z"}
{"level":"info","message":"Executing (default): INSERT INTO \"users\" (\"id\",\"role\",\"email\",\"passwordHash\",\"createdAt\",\"updatedAt\") VALUES (DEFAULT,$1,$2,$3,$4,$5) RETURNING \"id\",\"role\",\"email\",\"passwordHash\",\"createdAt\",\"updatedAt\";","timestamp":"2026-08-13T09:07:43.661Z"}
{"durationMs":282,"level":"info","message":"HTTP request","method":"POST","path":"/api/auth/register","statusCode":201,"timestamp":"2026-08-13T09:07:43.666Z"}
{"level":"info","message":"Executing (default): SELECT \"id\", \"role\", \"email\", \"passwordHash\", \"createdAt\", \"updatedAt\" FROM \"users\" AS \"User\" WHERE \"User\".\"email\" = 'host-25cf988e-30bf-44a7-94d6-383b5376849d@example.com';","timestamp":"2026-08-13T09:07:43.671Z"}
{"durationMs":281,"level":"info","message":"HTTP request","method":"POST","path":"/api/auth/login","statusCode":200,"timestamp":"2026-08-13T09:07:43.951Z"}
{"level":"info","message":"Executing (default): INSERT INTO \"listings\" (\"id\",\"title\",\"description\",\"location\",\"ownerId\",\"pricePerNight\",\"createdAt\",\"updatedAt\") VALUES (DEFAULT,$1,$2,$3,$4,$5,$6,$7) RETURNING \"id\",\"title\",\"description\",\"location\",\"ownerId\",\"pricePerNight\",\"createdAt\",\"updatedAt\";","timestamp":"2026-08-13T09:07:43.956Z"}
{"durationMs":8,"level":"info","message":"HTTP request","method":"POST","path":"/api/listings","statusCode":201,"timestamp":"2026-08-13T09:07:43.961Z"}
{"durationMs":1,"level":"info","message":"HTTP request","method":"POST","path":"/api/listings/166/bookings","statusCode":403,"timestamp":"2026-08-13T09:07:43.967Z"}
{"level":"info","message":"Executing (default): INSERT INTO \"users\" (\"id\",\"role\",\"email\",\"passwordHash\",\"createdAt\",\"updatedAt\") VALUES (DEFAULT,$1,$2,$3,$4,$5) RETURNING \"id\",\"role\",\"email\",\"passwordHash\",\"createdAt\",\"updatedAt\";","timestamp":"2026-08-13T09:07:44.253Z"}
{"durationMs":286,"level":"info","message":"HTTP request","method":"POST","path":"/api/auth/register","statusCode":201,"timestamp":"2026-08-13T09:07:44.258Z"}
{"level":"info","message":"Executing (default): SELECT \"id\", \"role\", \"email\", \"passwordHash\", \"createdAt\", \"updatedAt\" FROM \"users\" AS \"User\" WHERE \"User\".\"email\" = 'guest-b32ba9bc-60ac-4efe-884f-d2576853e273@example.com';","timestamp":"2026-08-13T09:07:44.263Z"}
{"durationMs":280,"level":"info","message":"HTTP request","method":"POST","path":"/api/auth/login","statusCode":200,"timestamp":"2026-08-13T09:07:44.542Z"}
{"level":"info","message":"Executing (default): INSERT INTO \"users\" (\"id\",\"role\",\"email\",\"passwordHash\",\"createdAt\",\"updatedAt\") VALUES (DEFAULT,$1,$2,$3,$4,$5) RETURNING \"id\",\"role\",\"email\",\"passwordHash\",\"createdAt\",\"updatedAt\";","timestamp":"2026-08-13T09:07:44.826Z"}
{"durationMs":286,"level":"info","message":"HTTP request","method":"POST","path":"/api/auth/register","statusCode":201,"timestamp":"2026-08-13T09:07:44.830Z"}
{"level":"info","message":"Executing (default): SELECT \"id\", \"role\", \"email\", \"passwordHash\", \"createdAt\", \"updatedAt\" FROM \"users\" AS \"User\" WHERE \"User\".\"email\" = 'host-a112c42b-d90d-4bf8-bd4b-14c069277398@example.com';","timestamp":"2026-08-13T09:07:44.835Z"}
{"durationMs":310,"level":"info","message":"HTTP request","method":"POST","path":"/api/auth/login","statusCode":200,"timestamp":"2026-08-13T09:07:45.143Z"}
{"level":"info","message":"Executing (default): INSERT INTO \"listings\" (\"id\",\"title\",\"description\",\"location\",\"ownerId\",\"pricePerNight\",\"createdAt\",\"updatedAt\") VALUES (DEFAULT,$1,$2,$3,$4,$5,$6,$7) RETURNING \"id\",\"title\",\"description\",\"location\",\"ownerId\",\"pricePerNight\",\"createdAt\",\"updatedAt\";","timestamp":"2026-08-13T09:07:45.149Z"}
{"durationMs":8,"level":"info","message":"HTTP request","method":"POST","path":"/api/listings","statusCode":201,"timestamp":"2026-08-13T09:07:45.155Z"}
{"level":"info","message":"Executing (default): SELECT \"id\", \"listingId\", \"ownerId\", \"checkIn\", \"checkOut\", \"status\", \"createdAt\", \"updatedAt\" FROM \"bookings\" AS \"Booking\" WHERE (\"Booking\".\"checkIn\" < '2026-08-22 00:00:00.000 +00:00' AND \"Booking\".\"checkOut\" > '2026-08-20 00:00:00.000 +00:00') AND \"Booking\".\"listingId\" = '167' AND \"Booking\".\"status\" IN ('PENDING', 'CONFIRMED') LIMIT 1;","timestamp":"2026-08-13T09:07:45.160Z"}
{"level":"info","message":"Executing (default): INSERT INTO \"bookings\" (\"id\",\"listingId\",\"ownerId\",\"checkIn\",\"checkOut\",\"status\",\"createdAt\",\"updatedAt\") VALUES (DEFAULT,$1,$2,$3,$4,$5,$6,$7) RETURNING \"id\",\"listingId\",\"ownerId\",\"checkIn\",\"checkOut\",\"status\",\"createdAt\",\"updatedAt\";","timestamp":"2026-08-13T09:07:45.162Z"}
{"durationMs":6,"level":"info","message":"HTTP request","method":"POST","path":"/api/listings/167/bookings","statusCode":201,"timestamp":"2026-08-13T09:07:45.164Z"}
{"level":"info","message":"Executing (default): SELECT \"id\", \"listingId\", \"ownerId\", \"checkIn\", \"checkOut\", \"status\", \"createdAt\", \"updatedAt\" FROM \"bookings\" AS \"Booking\" WHERE (\"Booking\".\"checkIn\" < '2026-08-25 00:00:00.000 +00:00' AND \"Booking\".\"checkOut\" > '2026-08-20 00:00:00.000 +00:00') AND \"Booking\".\"listingId\" = '167' AND \"Booking\".\"status\" IN ('PENDING', 'CONFIRMED') LIMIT 1;","timestamp":"2026-08-13T09:07:45.170Z"}
{"durationMs":26,"level":"info","message":"HTTP request","method":"POST","path":"/api/listings/167/bookings","statusCode":409,"timestamp":"2026-08-13T09:07:45.193Z"}
{"level":"info","message":"Executing (default): INSERT INTO \"users\" (\"id\",\"role\",\"email\",\"passwordHash\",\"createdAt\",\"updatedAt\") VALUES (DEFAULT,$1,$2,$3,$4,$5) RETURNING \"id\",\"role\",\"email\",\"passwordHash\",\"createdAt\",\"updatedAt\";","timestamp":"2026-08-13T09:07:45.481Z"}
{"durationMs":289,"level":"info","message":"HTTP request","method":"POST","path":"/api/auth/register","statusCode":201,"timestamp":"2026-08-13T09:07:45.486Z"}
{"level":"info","message":"Executing (default): SELECT \"id\", \"role\", \"email\", \"passwordHash\", \"createdAt\", \"updatedAt\" FROM \"users\" AS \"User\" WHERE \"User\".\"email\" = 'host-050fb741-6861-4606-8b14-bde16dc9ce40@example.com';","timestamp":"2026-08-13T09:07:45.491Z"}
{"durationMs":288,"level":"info","message":"HTTP request","method":"POST","path":"/api/auth/login","statusCode":200,"timestamp":"2026-08-13T09:07:45.778Z"}
{"level":"info","message":"Executing (default): INSERT INTO \"listings\" (\"id\",\"title\",\"description\",\"location\",\"ownerId\",\"pricePerNight\",\"createdAt\",\"updatedAt\") VALUES (DEFAULT,$1,$2,$3,$4,$5,$6,$7) RETURNING \"id\",\"title\",\"description\",\"location\",\"ownerId\",\"pricePerNight\",\"createdAt\",\"updatedAt\";","timestamp":"2026-08-13T09:07:45.784Z"}
{"durationMs":7,"level":"info","message":"HTTP request","method":"POST","path":"/api/listings","statusCode":201,"timestamp":"2026-08-13T09:07:45.789Z"}
{"level":"info","message":"Executing (default): SELECT \"id\", \"title\", \"description\", \"location\", \"ownerId\", \"pricePerNight\", \"createdAt\", \"updatedAt\" FROM \"listings\" AS \"Listing\" WHERE \"Listing\".\"id\" = '168';","timestamp":"2026-08-13T09:07:45.794Z"}
{"level":"info","message":"Executing (default): UPDATE \"listings\" SET \"description\"=$1,\"pricePerNight\"=$2,\"updatedAt\"=$3 WHERE \"id\" = $4","timestamp":"2026-08-13T09:07:45.797Z"}
{"durationMs":7,"level":"info","message":"HTTP request","method":"PUT","path":"/api/listings/168","statusCode":200,"timestamp":"2026-08-13T09:07:45.799Z"}
{"level":"info","message":"Executing (default): SELECT 1+1 AS result","timestamp":"2026-08-20T16:05:03.978Z"}
{"level":"info","message":"Executing (default): INSERT INTO \"users\" (\"id\",\"role\",\"email\",\"passwordHash\",\"createdAt\",\"updatedAt\") VALUES (DEFAULT,$1,$2,$3,$4,$5) RETURNING \"id\",\"role\",\"email\",\"passwordHash\",\"createdAt\",\"updatedAt\";","timestamp":"2026-08-20T16:05:04.396Z"}
{"durationMs":338,"level":"info","message":"HTTP request","method":"POST","path":"/api/auth/register","statusCode":201,"timestamp":"2026-08-20T16:05:04.416Z"}
{"durationMs":3,"level":"info","message":"HTTP request","method":"POST","path":"/api/auth/register","statusCode":400,"timestamp":"2026-08-20T16:05:04.444Z"}
{"durationMs":2,"level":"info","message":"HTTP request","method":"POST","path":"/api/auth/register","statusCode":400,"timestamp":"2026-08-20T16:05:04.456Z"}
{"level":"info","message":"Executing (default): INSERT INTO \"users\" (\"id\",\"role\",\"email\",\"passwordHash\",\"createdAt\",\"updatedAt\") VALUES (DEFAULT,$1,$2,$3,$4,$5) RETURNING \"id\",\"role\",\"email\",\"passwordHash\",\"createdAt\",\"updatedAt\";","timestamp":"2026-08-20T16:05:04.800Z"}
{"durationMs":340,"level":"info","message":"HTTP request","method":"POST","path":"/api/auth/register","statusCode":201,"timestamp":"2026-08-20T16:05:04.804Z"}
{"level":"info","message":"Executing (default): INSERT INTO \"users\" (\"id\",\"role\",\"email\",\"passwordHash\",\"createdAt\",\"updatedAt\") VALUES (DEFAULT,$1,$2,$3,$4,$5) RETURNING \"id\",\"role\",\"email\",\"passwordHash\",\"createdAt\",\"updatedAt\";","timestamp":"2026-08-20T16:05:05.110Z"}
{"durationMs":304,"level":"info","message":"HTTP request","method":"POST","path":"/api/auth/register","statusCode":201,"timestamp":"2026-08-20T16:05:05.113Z"}
{"level":"info","message":"Executing (default): SELECT \"id\", \"role\", \"email\", \"passwordHash\", \"createdAt\", \"updatedAt\" FROM \"users\" AS \"User\" WHERE \"User\".\"email\" = 'guest-48fec777-f84c-4df2-8a56-6794d91a193d@example.com';","timestamp":"2026-08-20T16:05:05.125Z"}
{"durationMs":319,"level":"info","message":"HTTP request","method":"POST","path":"/api/auth/login","statusCode":200,"timestamp":"2026-08-20T16:05:05.437Z"}
{"level":"info","message":"Executing (default): INSERT INTO \"users\" (\"id\",\"role\",\"email\",\"passwordHash\",\"createdAt\",\"updatedAt\") VALUES (DEFAULT,$1,$2,$3,$4,$5) RETURNING \"id\",\"role\",\"email\",\"passwordHash\",\"createdAt\",\"updatedAt\";","timestamp":"2026-08-20T16:05:05.758Z"}
{"durationMs":321,"level":"info","message":"HTTP request","method":"POST","path":"/api/auth/register","statusCode":201,"timestamp":"2026-08-20T16:05:05.762Z"}
{"level":"info","message":"Executing (default): SELECT \"id\", \"role\", \"email\", \"passwordHash\", \"createdAt\", \"updatedAt\" FROM \"users\" AS \"User\" WHERE \"User\".\"email\" = 'host-18695a9f-9c8b-4a04-9b41-b4681509df93@example.com';","timestamp":"2026-08-20T16:05:05.767Z"}
{"durationMs":304,"level":"info","message":"HTTP request","method":"POST","path":"/api/auth/login","statusCode":200,"timestamp":"2026-08-20T16:05:06.070Z"}
{"level":"info","message":"Executing (default): INSERT INTO \"users\" (\"id\",\"role\",\"email\",\"passwordHash\",\"createdAt\",\"updatedAt\") VALUES (DEFAULT,$1,$2,$3,$4,$5) RETURNING \"id\",\"role\",\"email\",\"passwordHash\",\"createdAt\",\"updatedAt\";","timestamp":"2026-08-20T16:05:06.380Z"}
{"durationMs":307,"level":"info","message":"HTTP request","method":"POST","path":"/api/auth/register","statusCode":201,"timestamp":"2026-08-20T16:05:06.384Z"}
{"level":"info","message":"Executing (default): SELECT \"id\", \"role\", \"email\", \"passwordHash\", \"createdAt\", \"updatedAt\" FROM \"users\" AS \"User\" WHERE \"User\".\"email\" = 'host-475ba1db-6029-4dbd-b3d3-c4a13dc1b273@example.com';","timestamp":"2026-08-20T16:05:06.390Z"}
{"durationMs":300,"level":"info","message":"HTTP request","method":"POST","path":"/api/auth/login","statusCode":200,"timestamp":"2026-08-20T16:05:06.688Z"}
{"level":"info","message":"Executing (default): INSERT INTO \"listings\" (\"id\",\"title\",\"description\",\"location\",\"ownerId\",\"pricePerNight\",\"createdAt\",\"updatedAt\") VALUES (DEFAULT,$1,$2,$3,$4,$5,$6,$7) RETURNING \"id\",\"title\",\"description\",\"location\",\"ownerId\",\"pricePerNight\",\"createdAt\",\"updatedAt\";","timestamp":"2026-08-20T16:05:06.700Z"}
{"durationMs":14,"level":"info","message":"HTTP request","method":"POST","path":"/api/listings","statusCode":201,"timestamp":"2026-08-20T16:05:06.708Z"}
{"level":"info","message":"Executing (default): INSERT INTO \"users\" (\"id\",\"role\",\"email\",\"passwordHash\",\"createdAt\",\"updatedAt\") VALUES (DEFAULT,$1,$2,$3,$4,$5) RETURNING \"id\",\"role\",\"email\",\"passwordHash\",\"createdAt\",\"updatedAt\";","timestamp":"2026-08-20T16:05:07.007Z"}
{"durationMs":299,"level":"info","message":"HTTP request","method":"POST","path":"/api/auth/register","statusCode":201,"timestamp":"2026-08-20T16:05:07.012Z"}
{"level":"info","message":"Executing (default): SELECT \"id\", \"role\", \"email\", \"passwordHash\", \"createdAt\", \"updatedAt\" FROM \"users\" AS \"User\" WHERE \"User\".\"email\" = 'guest-84358cf3-3ee4-49a7-b06c-fa10c0b99341@example.com';","timestamp":"2026-08-20T16:05:07.018Z"}
{"durationMs":317,"level":"info","message":"HTTP request","method":"POST","path":"/api/auth/login","statusCode":200,"timestamp":"2026-08-20T16:05:07.333Z"}
{"durationMs":1,"level":"info","message":"HTTP request","method":"POST","path":"/api/listings","statusCode":403,"timestamp":"2026-08-20T16:05:07.338Z"}
{"level":"info","message":"Executing (default): INSERT INTO \"users\" (\"id\",\"role\",\"email\",\"passwordHash\",\"createdAt\",\"updatedAt\") VALUES (DEFAULT,$1,$2,$3,$4,$5) RETURNING \"id\",\"role\",\"email\",\"passwordHash\",\"createdAt\",\"updatedAt\";","timestamp":"2026-08-20T16:05:07.650Z"}
{"durationMs":310,"level":"info","message":"HTTP request","method":"POST","path":"/api/auth/register","statusCode":201,"timestamp":"2026-08-20T16:05:07.655Z"}
{"level":"info","message":"Executing (default): SELECT \"id\", \"role\", \"email\", \"passwordHash\", \"createdAt\", \"updatedAt\" FROM \"users\" AS \"User\" WHERE \"User\".\"email\" = 'guest-49fb5a81-5b18-4540-bba0-46b62f8f43d4@example.com';","timestamp":"2026-08-20T16:05:07.661Z"}
{"durationMs":298,"level":"info","message":"HTTP request","method":"POST","path":"/api/auth/login","statusCode":200,"timestamp":"2026-08-20T16:05:07.957Z"}
{"level":"info","message":"Executing (default): INSERT INTO \"users\" (\"id\",\"role\",\"email\",\"passwordHash\",\"createdAt\",\"updatedAt\") VALUES (DEFAULT,$1,$2,$3,$4,$5) RETURNING \"id\",\"role\",\"email\",\"passwordHash\",\"createdAt\",\"updatedAt\";","timestamp":"2026-08-20T16:05:08.286Z"}
{"durationMs":328,"level":"info","message":"HTTP request","method":"POST","path":"/api/auth/register","statusCode":201,"timestamp":"2026-08-20T16:05:08.289Z"}
{"level":"info","message":"Executing (default): SELECT \"id\", \"role\", \"email\", \"passwordHash\", \"createdAt\", \"updatedAt\" FROM \"users\" AS \"User\" WHERE \"User\".\"email\" = 'host-6db5b2e0-d24e-4f8d-b115-74b487c4a1ce@example.com';","timestamp":"2026-08-20T16:05:08.294Z"}
{"durationMs":318,"level":"info","message":"HTTP request","method":"POST","path":"/api/auth/login","statusCode":200,"timestamp":"2026-08-20T16:05:08.611Z"}
{"level":"info","message":"Executing (default): INSERT INTO \"listings\" (\"id\",\"title\",\"description\",\"location\",\"ownerId\",\"pricePerNight\",\"createdAt\",\"updatedAt\") VALUES (DEFAULT,$1,$2,$3,$4,$5,$6,$7) RETURNING \"id\",\"title\",\"description\",\"location\",\"ownerId\",\"pricePerNight\",\"createdAt\",\"updatedAt\";","timestamp":"2026-08-20T16:05:08.620Z"}
{"durationMs":7,"level":"info","message":"HTTP request","method":"POST","path":"/api/listings","statusCode":201,"timestamp":"2026-08-20T16:05:08.624Z"}
{"level":"info","message":"Executing (default): SELECT \"id\", \"listingId\", \"ownerId\", \"checkIn\", \"checkOut\", \"status\", \"createdAt\", \"updatedAt\" FROM \"bookings\" AS \"Booking\" WHERE (\"Booking\".\"checkIn\" < '2026-08-22 00:00:00.000 +00:00' AND \"Booking\".\"checkOut\" > '2026-08-21 00:00:00.000 +00:00') AND \"Booking\".\"listingId\" = '170' AND \"Booking\".\"status\" IN ('PENDING', 'CONFIRMED') LIMIT 1;","timestamp":"2026-08-20T16:05:08.636Z"}
{"level":"info","message":"Executing (default): INSERT INTO \"bookings\" (\"id\",\"listingId\",\"ownerId\",\"checkIn\",\"checkOut\",\"status\",\"createdAt\",\"updatedAt\") VALUES (DEFAULT,$1,$2,$3,$4,$5,$6,$7) RETURNING \"id\",\"listingId\",\"ownerId\",\"checkIn\",\"checkOut\",\"status\",\"createdAt\",\"updatedAt\";","timestamp":"2026-08-20T16:05:08.641Z"}
{"durationMs":17,"level":"info","message":"HTTP request","method":"POST","path":"/api/listings/170/bookings","statusCode":201,"timestamp":"2026-08-20T16:05:08.646Z"}
{"level":"info","message":"Executing (default): INSERT INTO \"users\" (\"id\",\"role\",\"email\",\"passwordHash\",\"createdAt\",\"updatedAt\") VALUES (DEFAULT,$1,$2,$3,$4,$5) RETURNING \"id\",\"role\",\"email\",\"passwordHash\",\"createdAt\",\"updatedAt\";","timestamp":"2026-08-20T16:05:08.942Z"}
{"durationMs":295,"level":"info","message":"HTTP request","method":"POST","path":"/api/auth/register","statusCode":201,"timestamp":"2026-08-20T16:05:08.946Z"}
{"level":"info","message":"Executing (default): SELECT \"id\", \"role\", \"email\", \"passwordHash\", \"createdAt\", \"updatedAt\" FROM \"users\" AS \"User\" WHERE \"User\".\"email\" = 'host-be2fe943-ce16-4904-b9fd-7331d04bf0a1@example.com';","timestamp":"2026-08-20T16:05:08.951Z"}
{"durationMs":292,"level":"info","message":"HTTP request","method":"POST","path":"/api/auth/login","statusCode":200,"timestamp":"2026-08-20T16:05:09.242Z"}
{"level":"info","message":"Executing (default): INSERT INTO \"users\" (\"id\",\"role\",\"email\",\"passwordHash\",\"createdAt\",\"updatedAt\") VALUES (DEFAULT,$1,$2,$3,$4,$5) RETURNING \"id\",\"role\",\"email\",\"passwordHash\",\"createdAt\",\"updatedAt\";","timestamp":"2026-08-20T16:05:09.534Z"}
{"durationMs":292,"level":"info","message":"HTTP request","method":"POST","path":"/api/auth/register","statusCode":201,"timestamp":"2026-08-20T16:05:09.538Z"}
{"level":"info","message":"Executing (default): SELECT \"id\", \"role\", \"email\", \"passwordHash\", \"createdAt\", \"updatedAt\" FROM \"users\" AS \"User\" WHERE \"User\".\"email\" = 'host-e9e6c919-b280-4219-8f57-33d1c4f1eed0@example.com';","timestamp":"2026-08-20T16:05:09.541Z"}
{"durationMs":294,"level":"info","message":"HTTP request","method":"POST","path":"/api/auth/login","statusCode":200,"timestamp":"2026-08-20T16:05:09.834Z"}
{"level":"info","message":"Executing (default): INSERT INTO \"listings\" (\"id\",\"title\",\"description\",\"location\",\"ownerId\",\"pricePerNight\",\"createdAt\",\"updatedAt\") VALUES (DEFAULT,$1,$2,$3,$4,$5,$6,$7) RETURNING \"id\",\"title\",\"description\",\"location\",\"ownerId\",\"pricePerNight\",\"createdAt\",\"updatedAt\";","timestamp":"2026-08-20T16:05:09.840Z"}
{"durationMs":4,"level":"info","message":"HTTP request","method":"POST","path":"/api/listings","statusCode":201,"timestamp":"2026-08-20T16:05:09.842Z"}
{"durationMs":1,"level":"info","message":"HTTP request","method":"POST","path":"/api/listings/171/bookings","statusCode":403,"timestamp":"2026-08-20T16:05:09.846Z"}
{"level":"info","message":"Executing (default): INSERT INTO \"users\" (\"id\",\"role\",\"email\",\"passwordHash\",\"createdAt\",\"updatedAt\") VALUES (DEFAULT,$1,$2,$3,$4,$5) RETURNING \"id\",\"role\",\"email\",\"passwordHash\",\"createdAt\",\"updatedAt\";","timestamp":"2026-08-20T16:05:10.142Z"}
{"durationMs":296,"level":"info","message":"HTTP request","method":"POST","path":"/api/auth/register","statusCode":201,"timestamp":"2026-08-20T16:05:10.146Z"}
{"level":"info","message":"Executing (default): SELECT \"id\", \"role\", \"email\", \"passwordHash\", \"createdAt\", \"updatedAt\" FROM \"users\" AS \"User\" WHERE \"User\".\"email\" = 'guest-34d07703-6837-4e33-87eb-623bf91fe693@example.com';","timestamp":"2026-08-20T16:05:10.151Z"}
{"durationMs":299,"level":"info","message":"HTTP request","method":"POST","path":"/api/auth/login","statusCode":200,"timestamp":"2026-08-20T16:05:10.449Z"}
{"level":"info","message":"Executing (default): INSERT INTO \"users\" (\"id\",\"role\",\"email\",\"passwordHash\",\"createdAt\",\"updatedAt\") VALUES (DEFAULT,$1,$2,$3,$4,$5) RETURNING \"id\",\"role\",\"email\",\"passwordHash\",\"createdAt\",\"updatedAt\";","timestamp":"2026-08-20T16:05:10.747Z"}
{"durationMs":297,"level":"info","message":"HTTP request","method":"POST","path":"/api/auth/register","statusCode":201,"timestamp":"2026-08-20T16:05:10.750Z"}
{"level":"info","message":"Executing (default): SELECT \"id\", \"role\", \"email\", \"passwordHash\", \"createdAt\", \"updatedAt\" FROM \"users\" AS \"User\" WHERE \"User\".\"email\" = 'host-33d0eb8f-e444-4ece-84ce-c692df542b21@example.com';","timestamp":"2026-08-20T16:05:10.755Z"}
{"durationMs":298,"level":"info","message":"HTTP request","method":"POST","path":"/api/auth/login","statusCode":200,"timestamp":"2026-08-20T16:05:11.052Z"}
{"level":"info","message":"Executing (default): INSERT INTO \"listings\" (\"id\",\"title\",\"description\",\"location\",\"ownerId\",\"pricePerNight\",\"createdAt\",\"updatedAt\") VALUES (DEFAULT,$1,$2,$3,$4,$5,$6,$7) RETURNING \"id\",\"title\",\"description\",\"location\",\"ownerId\",\"pricePerNight\",\"createdAt\",\"updatedAt\";","timestamp":"2026-08-20T16:05:11.059Z"}
{"durationMs":6,"level":"info","message":"HTTP request","method":"POST","path":"/api/listings","statusCode":201,"timestamp":"2026-08-20T16:05:11.062Z"}
{"level":"info","message":"Executing (default): SELECT \"id\", \"listingId\", \"ownerId\", \"checkIn\", \"checkOut\", \"status\", \"createdAt\", \"updatedAt\" FROM \"bookings\" AS \"Booking\" WHERE (\"Booking\".\"checkIn\" < '2026-09-05 00:00:00.000 +00:00' AND \"Booking\".\"checkOut\" > '2026-09-04 00:00:00.000 +00:00') AND \"Booking\".\"listingId\" = '172' AND \"Booking\".\"status\" IN ('PENDING', 'CONFIRMED') LIMIT 1;","timestamp":"2026-08-20T16:05:11.068Z"}
{"level":"info","message":"Executing (default): INSERT INTO \"bookings\" (\"id\",\"listingId\",\"ownerId\",\"checkIn\",\"checkOut\",\"status\",\"createdAt\",\"updatedAt\") VALUES (DEFAULT,$1,$2,$3,$4,$5,$6,$7) RETURNING \"id\",\"listingId\",\"ownerId\",\"checkIn\",\"checkOut\",\"status\",\"createdAt\",\"updatedAt\";","timestamp":"2026-08-20T16:05:11.070Z"}
{"durationMs":7,"level":"info","message":"HTTP request","method":"POST","path":"/api/listings/172/bookings","statusCode":201,"timestamp":"2026-08-20T16:05:11.072Z"}
{"level":"info","message":"Executing (default): SELECT \"id\", \"listingId\", \"ownerId\", \"checkIn\", \"checkOut\", \"status\", \"createdAt\", \"updatedAt\" FROM \"bookings\" AS \"Booking\" WHERE (\"Booking\".\"checkIn\" < '2026-09-10 00:00:00.000 +00:00' AND \"Booking\".\"checkOut\" > '2026-09-05 00:00:00.000 +00:00') AND \"Booking\".\"listingId\" = '172' AND \"Booking\".\"status\" IN ('PENDING', 'CONFIRMED') LIMIT 1;","timestamp":"2026-08-20T16:05:11.078Z"}
{"level":"info","message":"Executing (default): INSERT INTO \"bookings\" (\"id\",\"listingId\",\"ownerId\",\"checkIn\",\"checkOut\",\"status\",\"createdAt\",\"updatedAt\") VALUES (DEFAULT,$1,$2,$3,$4,$5,$6,$7) RETURNING \"id\",\"listingId\",\"ownerId\",\"checkIn\",\"checkOut\",\"status\",\"createdAt\",\"updatedAt\";","timestamp":"2026-08-20T16:05:11.082Z"}
{"durationMs":9,"level":"info","message":"HTTP request","method":"POST","path":"/api/listings/172/bookings","statusCode":201,"timestamp":"2026-08-20T16:05:11.084Z"}
{"level":"info","message":"Executing (default): INSERT INTO \"users\" (\"id\",\"role\",\"email\",\"passwordHash\",\"createdAt\",\"updatedAt\") VALUES (DEFAULT,$1,$2,$3,$4,$5) RETURNING \"id\",\"role\",\"email\",\"passwordHash\",\"createdAt\",\"updatedAt\";","timestamp":"2026-08-20T16:05:11.404Z"}
{"durationMs":296,"level":"info","message":"HTTP request","method":"POST","path":"/api/auth/register","statusCode":201,"timestamp":"2026-08-20T16:05:11.409Z"}
{"level":"info","message":"Executing (default): SELECT \"id\", \"role\", \"email\", \"passwordHash\", \"createdAt\", \"updatedAt\" FROM \"users\" AS \"User\" WHERE \"User\".\"email\" = 'host-d70c2b08-85cb-483b-847b-01ef046742ed@example.com';","timestamp":"2026-08-20T16:05:11.417Z"}
{"durationMs":296,"level":"info","message":"HTTP request","method":"POST","path":"/api/auth/login","statusCode":200,"timestamp":"2026-08-20T16:05:11.712Z"}
{"level":"info","message":"Executing (default): INSERT INTO \"listings\" (\"id\",\"title\",\"description\",\"location\",\"ownerId\",\"pricePerNight\",\"createdAt\",\"updatedAt\") VALUES (DEFAULT,$1,$2,$3,$4,$5,$6,$7) RETURNING \"id\",\"title\",\"description\",\"location\",\"ownerId\",\"pricePerNight\",\"createdAt\",\"updatedAt\";","timestamp":"2026-08-20T16:05:11.718Z"}
{"durationMs":5,"level":"info","message":"HTTP request","method":"POST","path":"/api/listings","statusCode":201,"timestamp":"2026-08-20T16:05:11.721Z"}
{"level":"info","message":"Executing (default): SELECT \"id\", \"title\", \"description\", \"location\", \"ownerId\", \"pricePerNight\", \"createdAt\", \"updatedAt\" FROM \"listings\" AS \"Listing\" WHERE \"Listing\".\"id\" = '173';","timestamp":"2026-08-20T16:05:11.728Z"}
{"level":"info","message":"Executing (default): UPDATE \"listings\" SET \"description\"=$1,\"pricePerNight\"=$2,\"updatedAt\"=$3 WHERE \"id\" = $4","timestamp":"2026-08-20T16:05:11.733Z"}
{"durationMs":11,"level":"info","message":"HTTP request","method":"PUT","path":"/api/listings/173","statusCode":200,"timestamp":"2026-08-20T16:05:11.736Z"}
{"level":"info","message":"Executing (default): SELECT 1+1 AS result","timestamp":"2026-08-20T16:06:16.909Z"}
{"level":"info","message":"Executing (default): INSERT INTO \"users\" (\"id\",\"role\",\"email\",\"passwordHash\",\"createdAt\",\"updatedAt\") VALUES (DEFAULT,$1,$2,$3,$4,$5) RETURNING \"id\",\"role\",\"email\",\"passwordHash\",\"createdAt\",\"updatedAt\";","timestamp":"2026-08-20T16:06:17.293Z"}
{"durationMs":328,"level":"info","message":"HTTP request","method":"POST","path":"/api/auth/register","statusCode":201,"timestamp":"2026-08-20T16:06:17.305Z"}
{"durationMs":3,"level":"info","message":"HTTP request","method":"POST","path":"/api/auth/register","statusCode":400,"timestamp":"2026-08-20T16:06:17.325Z"}
{"durationMs":1,"level":"info","message":"HTTP request","method":"POST","path":"/api/auth/register","statusCode":400,"timestamp":"2026-08-20T16:06:17.332Z"}
{"level":"info","message":"Executing (default): INSERT INTO \"users\" (\"id\",\"role\",\"email\",\"passwordHash\",\"createdAt\",\"updatedAt\") VALUES (DEFAULT,$1,$2,$3,$4,$5) RETURNING \"id\",\"role\",\"email\",\"passwordHash\",\"createdAt\",\"updatedAt\";","timestamp":"2026-08-20T16:06:17.662Z"}
{"durationMs":329,"level":"info","message":"HTTP request","method":"POST","path":"/api/auth/register","statusCode":201,"timestamp":"2026-08-20T16:06:17.669Z"}
{"level":"info","message":"Executing (default): INSERT INTO \"users\" (\"id\",\"role\",\"email\",\"passwordHash\",\"createdAt\",\"updatedAt\") VALUES (DEFAULT,$1,$2,$3,$4,$5) RETURNING \"id\",\"role\",\"email\",\"passwordHash\",\"createdAt\",\"updatedAt\";","timestamp":"2026-08-20T16:06:17.972Z"}
{"durationMs":300,"level":"info","message":"HTTP request","method":"POST","path":"/api/auth/register","statusCode":201,"timestamp":"2026-08-20T16:06:17.977Z"}
{"level":"info","message":"Executing (default): SELECT \"id\", \"role\", \"email\", \"passwordHash\", \"createdAt\", \"updatedAt\" FROM \"users\" AS \"User\" WHERE \"User\".\"email\" = 'guest-4ee63f5a-ce4a-4271-adc8-edbaf95c4c5b@example.com';","timestamp":"2026-08-20T16:06:17.992Z"}
{"durationMs":309,"level":"info","message":"HTTP request","method":"POST","path":"/api/auth/login","statusCode":200,"timestamp":"2026-08-20T16:06:18.292Z"}
{"level":"info","message":"Executing (default): INSERT INTO \"users\" (\"id\",\"role\",\"email\",\"passwordHash\",\"createdAt\",\"updatedAt\") VALUES (DEFAULT,$1,$2,$3,$4,$5) RETURNING \"id\",\"role\",\"email\",\"passwordHash\",\"createdAt\",\"updatedAt\";","timestamp":"2026-08-20T16:06:18.606Z"}
{"durationMs":312,"level":"info","message":"HTTP request","method":"POST","path":"/api/auth/register","statusCode":201,"timestamp":"2026-08-20T16:06:18.611Z"}
{"level":"info","message":"Executing (default): SELECT \"id\", \"role\", \"email\", \"passwordHash\", \"createdAt\", \"updatedAt\" FROM \"users\" AS \"User\" WHERE \"User\".\"email\" = 'host-233069f0-8034-4012-bdc8-ed0017cb4ad9@example.com';","timestamp":"2026-08-20T16:06:18.617Z"}
{"durationMs":303,"level":"info","message":"HTTP request","method":"POST","path":"/api/auth/login","statusCode":200,"timestamp":"2026-08-20T16:06:18.919Z"}
{"level":"info","message":"Executing (default): INSERT INTO \"users\" (\"id\",\"role\",\"email\",\"passwordHash\",\"createdAt\",\"updatedAt\") VALUES (DEFAULT,$1,$2,$3,$4,$5) RETURNING \"id\",\"role\",\"email\",\"passwordHash\",\"createdAt\",\"updatedAt\";","timestamp":"2026-08-20T16:06:19.222Z"}
{"durationMs":303,"level":"info","message":"HTTP request","method":"POST","path":"/api/auth/register","statusCode":201,"timestamp":"2026-08-20T16:06:19.228Z"}
{"level":"info","message":"Executing (default): SELECT \"id\", \"role\", \"email\", \"passwordHash\", \"createdAt\", \"updatedAt\" FROM \"users\" AS \"User\" WHERE \"User\".\"email\" = 'host-1cfd49e1-1217-4809-baeb-1f937ac1ee86@example.com';","timestamp":"2026-08-20T16:06:19.233Z"}
{"durationMs":303,"level":"info","message":"HTTP request","method":"POST","path":"/api/auth/login","statusCode":200,"timestamp":"2026-08-20T16:06:19.535Z"}
{"level":"info","message":"Executing (default): INSERT INTO \"listings\" (\"id\",\"title\",\"description\",\"location\",\"ownerId\",\"pricePerNight\",\"createdAt\",\"updatedAt\") VALUES (DEFAULT,$1,$2,$3,$4,$5,$6,$7) RETURNING \"id\",\"title\",\"description\",\"location\",\"ownerId\",\"pricePerNight\",\"createdAt\",\"updatedAt\";","timestamp":"2026-08-20T16:06:19.546Z"}
{"durationMs":13,"level":"info","message":"HTTP request","method":"POST","path":"/api/listings","statusCode":201,"timestamp":"2026-08-20T16:06:19.553Z"}
{"level":"info","message":"Executing (default): INSERT INTO \"users\" (\"id\",\"role\",\"email\",\"passwordHash\",\"createdAt\",\"updatedAt\") VALUES (DEFAULT,$1,$2,$3,$4,$5) RETURNING \"id\",\"role\",\"email\",\"passwordHash\",\"createdAt\",\"updatedAt\";","timestamp":"2026-08-20T16:06:19.853Z"}
{"durationMs":299,"level":"info","message":"HTTP request","method":"POST","path":"/api/auth/register","statusCode":201,"timestamp":"2026-08-20T16:06:19.858Z"}
{"level":"info","message":"Executing (default): SELECT \"id\", \"role\", \"email\", \"passwordHash\", \"createdAt\", \"updatedAt\" FROM \"users\" AS \"User\" WHERE \"User\".\"email\" = 'guest-c2719d6c-ff44-4716-8f7c-7bc952aae8a3@example.com';","timestamp":"2026-08-20T16:06:19.862Z"}
{"durationMs":299,"level":"info","message":"HTTP request","method":"POST","path":"/api/auth/login","statusCode":200,"timestamp":"2026-08-20T16:06:20.160Z"}
{"durationMs":1,"level":"info","message":"HTTP request","method":"POST","path":"/api/listings","statusCode":403,"timestamp":"2026-08-20T16:06:20.164Z"}
{"level":"info","message":"Executing (default): INSERT INTO \"users\" (\"id\",\"role\",\"email\",\"passwordHash\",\"createdAt\",\"updatedAt\") VALUES (DEFAULT,$1,$2,$3,$4,$5) RETURNING \"id\",\"role\",\"email\",\"passwordHash\",\"createdAt\",\"updatedAt\";","timestamp":"2026-08-20T16:06:20.488Z"}
{"durationMs":324,"level":"info","message":"HTTP request","method":"POST","path":"/api/auth/register","statusCode":201,"timestamp":"2026-08-20T16:06:20.493Z"}
{"level":"info","message":"Executing (default): SELECT \"id\", \"role\", \"email\", \"passwordHash\", \"createdAt\", \"updatedAt\" FROM \"users\" AS \"User\" WHERE \"User\".\"email\" = 'guest-e4b48cf8-7e27-4708-ba80-a7a28a057790@example.com';","timestamp":"2026-08-20T16:06:20.498Z"}
{"durationMs":309,"level":"info","message":"HTTP request","method":"POST","path":"/api/auth/login","statusCode":200,"timestamp":"2026-08-20T16:06:20.806Z"}
{"level":"info","message":"Executing (default): INSERT INTO \"users\" (\"id\",\"role\",\"email\",\"passwordHash\",\"createdAt\",\"updatedAt\") VALUES (DEFAULT,$1,$2,$3,$4,$5) RETURNING \"id\",\"role\",\"email\",\"passwordHash\",\"createdAt\",\"updatedAt\";","timestamp":"2026-08-20T16:06:21.107Z"}
{"durationMs":301,"level":"info","message":"HTTP request","method":"POST","path":"/api/auth/register","statusCode":201,"timestamp":"2026-08-20T16:06:21.112Z"}
{"level":"info","message":"Executing (default): SELECT \"id\", \"role\", \"email\", \"passwordHash\", \"createdAt\", \"updatedAt\" FROM \"users\" AS \"User\" WHERE \"User\".\"email\" = 'host-0208d989-79be-4a75-b716-8b826783e3da@example.com';","timestamp":"2026-08-20T16:06:21.117Z"}
{"durationMs":295,"level":"info","message":"HTTP request","method":"POST","path":"/api/auth/login","statusCode":200,"timestamp":"2026-08-20T16:06:21.411Z"}
{"level":"info","message":"Executing (default): INSERT INTO \"listings\" (\"id\",\"title\",\"description\",\"location\",\"ownerId\",\"pricePerNight\",\"createdAt\",\"updatedAt\") VALUES (DEFAULT,$1,$2,$3,$4,$5,$6,$7) RETURNING \"id\",\"title\",\"description\",\"location\",\"ownerId\",\"pricePerNight\",\"createdAt\",\"updatedAt\";","timestamp":"2026-08-20T16:06:21.418Z"}
{"durationMs":8,"level":"info","message":"HTTP request","method":"POST","path":"/api/listings","statusCode":201,"timestamp":"2026-08-20T16:06:21.423Z"}
{"level":"info","message":"Executing (default): SELECT \"id\", \"listingId\", \"ownerId\", \"checkIn\", \"checkOut\", \"status\", \"createdAt\", \"updatedAt\" FROM \"bookings\" AS \"Booking\" WHERE (\"Booking\".\"checkIn\" < '2026-09-16 00:00:00.000 +00:00' AND \"Booking\".\"checkOut\" > '2026-09-14 00:00:00.000 +00:00') AND \"Booking\".\"listingId\" = '175' AND \"Booking\".\"status\" IN ('PENDING', 'CONFIRMED') LIMIT 1;","timestamp":"2026-08-20T16:06:21.432Z"}
{"level":"info","message":"Executing (default): INSERT INTO \"bookings\" (\"id\",\"listingId\",\"ownerId\",\"checkIn\",\"checkOut\",\"status\",\"createdAt\",\"updatedAt\") VALUES (DEFAULT,$1,$2,$3,$4,$5,$6,$7) RETURNING \"id\",\"listingId\",\"ownerId\",\"checkIn\",\"checkOut\",\"status\",\"createdAt\",\"updatedAt\";","timestamp":"2026-08-20T16:06:21.435Z"}
{"durationMs":10,"level":"info","message":"HTTP request","method":"POST","path":"/api/listings/175/bookings","statusCode":201,"timestamp":"2026-08-20T16:06:21.438Z"}
{"level":"info","message":"Executing (default): INSERT INTO \"users\" (\"id\",\"role\",\"email\",\"passwordHash\",\"createdAt\",\"updatedAt\") VALUES (DEFAULT,$1,$2,$3,$4,$5) RETURNING \"id\",\"role\",\"email\",\"passwordHash\",\"createdAt\",\"updatedAt\";","timestamp":"2026-08-20T16:06:21.746Z"}
{"durationMs":310,"level":"info","message":"HTTP request","method":"POST","path":"/api/auth/register","statusCode":201,"timestamp":"2026-08-20T16:06:21.753Z"}
{"level":"info","message":"Executing (default): SELECT \"id\", \"role\", \"email\", \"passwordHash\", \"createdAt\", \"updatedAt\" FROM \"users\" AS \"User\" WHERE \"User\".\"email\" = 'host-a9dea1a8-6f51-4e14-bb56-44829ae63608@example.com';","timestamp":"2026-08-20T16:06:21.759Z"}
{"durationMs":387,"level":"info","message":"HTTP request","method":"POST","path":"/api/auth/login","statusCode":200,"timestamp":"2026-08-20T16:06:22.144Z"}
{"level":"info","message":"Executing (default): INSERT INTO \"users\" (\"id\",\"role\",\"email\",\"passwordHash\",\"createdAt\",\"updatedAt\") VALUES (DEFAULT,$1,$2,$3,$4,$5) RETURNING \"id\",\"role\",\"email\",\"passwordHash\",\"createdAt\",\"updatedAt\";","timestamp":"2026-08-20T16:06:22.468Z"}
{"durationMs":323,"level":"info","message":"HTTP request","method":"POST","path":"/api/auth/register","statusCode":201,"timestamp":"2026-08-20T16:06:22.473Z"}
{"level":"info","message":"Executing (default): SELECT \"id\", \"role\", \"email\", \"passwordHash\", \"createdAt\", \"updatedAt\" FROM \"users\" AS \"User\" WHERE \"User\".\"email\" = 'host-c017b60e-cbd0-4cea-96f3-d3572f6505c9@example.com';","timestamp":"2026-08-20T16:06:22.478Z"}
{"durationMs":293,"level":"info","message":"HTTP request","method":"POST","path":"/api/auth/login","statusCode":200,"timestamp":"2026-08-20T16:06:22.770Z"}
{"level":"info","message":"Executing (default): INSERT INTO \"listings\" (\"id\",\"title\",\"description\",\"location\",\"ownerId\",\"pricePerNight\",\"createdAt\",\"updatedAt\") VALUES (DEFAULT,$1,$2,$3,$4,$5,$6,$7) RETURNING \"id\",\"title\",\"description\",\"location\",\"ownerId\",\"pricePerNight\",\"createdAt\",\"updatedAt\";","timestamp":"2026-08-20T16:06:22.777Z"}
{"durationMs":8,"level":"info","message":"HTTP request","method":"POST","path":"/api/listings","statusCode":201,"timestamp":"2026-08-20T16:06:22.783Z"}
{"durationMs":2,"level":"info","message":"HTTP request","method":"POST","path":"/api/listings/176/bookings","statusCode":403,"timestamp":"2026-08-20T16:06:22.789Z"}
{"level":"info","message":"Executing (default): INSERT INTO \"users\" (\"id\",\"role\",\"email\",\"passwordHash\",\"createdAt\",\"updatedAt\") VALUES (DEFAULT,$1,$2,$3,$4,$5) RETURNING \"id\",\"role\",\"email\",\"passwordHash\",\"createdAt\",\"updatedAt\";","timestamp":"2026-08-20T16:06:23.101Z"}
{"durationMs":312,"level":"info","message":"HTTP request","method":"POST","path":"/api/auth/register","statusCode":201,"timestamp":"2026-08-20T16:06:23.106Z"}
{"level":"info","message":"Executing (default): SELECT \"id\", \"role\", \"email\", \"passwordHash\", \"createdAt\", \"updatedAt\" FROM \"users\" AS \"User\" WHERE \"User\".\"email\" = 'guest-9952d0c7-5c20-431b-8261-403be350c9ef@example.com';","timestamp":"2026-08-20T16:06:23.110Z"}
{"durationMs":305,"level":"info","message":"HTTP request","method":"POST","path":"/api/auth/login","statusCode":200,"timestamp":"2026-08-20T16:06:23.414Z"}
{"level":"info","message":"Executing (default): INSERT INTO \"users\" (\"id\",\"role\",\"email\",\"passwordHash\",\"createdAt\",\"updatedAt\") VALUES (DEFAULT,$1,$2,$3,$4,$5) RETURNING \"id\",\"role\",\"email\",\"passwordHash\",\"createdAt\",\"updatedAt\";","timestamp":"2026-08-20T16:06:23.741Z"}
{"durationMs":325,"level":"info","message":"HTTP request","method":"POST","path":"/api/auth/register","statusCode":201,"timestamp":"2026-08-20T16:06:23.746Z"}
{"level":"info","message":"Executing (default): SELECT \"id\", \"role\", \"email\", \"passwordHash\", \"createdAt\", \"updatedAt\" FROM \"users\" AS \"User\" WHERE \"User\".\"email\" = 'host-ed7db0ce-fc32-4124-b3b8-e63ab78a7862@example.com';","timestamp":"2026-08-20T16:06:23.752Z"}
{"durationMs":303,"level":"info","message":"HTTP request","method":"POST","path":"/api/auth/login","statusCode":200,"timestamp":"2026-08-20T16:06:24.053Z"}
{"level":"info","message":"Executing (default): INSERT INTO \"listings\" (\"id\",\"title\",\"description\",\"location\",\"ownerId\",\"pricePerNight\",\"createdAt\",\"updatedAt\") VALUES (DEFAULT,$1,$2,$3,$4,$5,$6,$7) RETURNING \"id\",\"title\",\"description\",\"location\",\"ownerId\",\"pricePerNight\",\"createdAt\",\"updatedAt\";","timestamp":"2026-08-20T16:06:24.060Z"}
{"durationMs":8,"level":"info","message":"HTTP request","method":"POST","path":"/api/listings","statusCode":201,"timestamp":"2026-08-20T16:06:24.065Z"}
{"level":"info","message":"Executing (default): SELECT \"id\", \"listingId\", \"ownerId\", \"checkIn\", \"checkOut\", \"status\", \"createdAt\", \"updatedAt\" FROM \"bookings\" AS \"Booking\" WHERE (\"Booking\".\"checkIn\" < '2026-08-28 00:00:00.000 +00:00' AND \"Booking\".\"checkOut\" > '2026-08-24 00:00:00.000 +00:00') AND \"Booking\".\"listingId\" = '177' AND \"Booking\".\"status\" IN ('PENDING', 'CONFIRMED') LIMIT 1;","timestamp":"2026-08-20T16:06:24.072Z"}
{"level":"info","message":"Executing (default): INSERT INTO \"bookings\" (\"id\",\"listingId\",\"ownerId\",\"checkIn\",\"checkOut\",\"status\",\"createdAt\",\"updatedAt\") VALUES (DEFAULT,$1,$2,$3,$4,$5,$6,$7) RETURNING \"id\",\"listingId\",\"ownerId\",\"checkIn\",\"checkOut\",\"status\",\"createdAt\",\"updatedAt\";","timestamp":"2026-08-20T16:06:24.075Z"}
{"durationMs":7,"level":"info","message":"HTTP request","method":"POST","path":"/api/listings/177/bookings","statusCode":201,"timestamp":"2026-08-20T16:06:24.077Z"}
{"level":"info","message":"Executing (default): SELECT \"id\", \"listingId\", \"ownerId\", \"checkIn\", \"checkOut\", \"status\", \"createdAt\", \"updatedAt\" FROM \"bookings\" AS \"Booking\" WHERE (\"Booking\".\"checkIn\" < '2026-08-30 00:00:00.000 +00:00' AND \"Booking\".\"checkOut\" > '2026-08-25 00:00:00.000 +00:00') AND \"Booking\".\"listingId\" = '177' AND \"Booking\".\"status\" IN ('PENDING', 'CONFIRMED') LIMIT 1;","timestamp":"2026-08-20T16:06:24.085Z"}
{"durationMs":29,"level":"info","message":"HTTP request","method":"POST","path":"/api/listings/177/bookings","statusCode":409,"timestamp":"2026-08-20T16:06:24.110Z"}
{"level":"info","message":"Executing (default): INSERT INTO \"users\" (\"id\",\"role\",\"email\",\"passwordHash\",\"createdAt\",\"updatedAt\") VALUES (DEFAULT,$1,$2,$3,$4,$5) RETURNING \"id\",\"role\",\"email\",\"passwordHash\",\"createdAt\",\"updatedAt\";","timestamp":"2026-08-20T16:06:24.425Z"}
{"durationMs":314,"level":"info","message":"HTTP request","method":"POST","path":"/api/auth/register","statusCode":201,"timestamp":"2026-08-20T16:06:24.430Z"}
{"level":"info","message":"Executing (default): SELECT \"id\", \"role\", \"email\", \"passwordHash\", \"createdAt\", \"updatedAt\" FROM \"users\" AS \"User\" WHERE \"User\".\"email\" = 'host-68b6c141-960f-467d-9bd9-c8846460857d@example.com';","timestamp":"2026-08-20T16:06:24.435Z"}
{"durationMs":348,"level":"info","message":"HTTP request","method":"POST","path":"/api/auth/login","statusCode":200,"timestamp":"2026-08-20T16:06:24.781Z"}
{"level":"info","message":"Executing (default): INSERT INTO \"listings\" (\"id\",\"title\",\"description\",\"location\",\"ownerId\",\"pricePerNight\",\"createdAt\",\"updatedAt\") VALUES (DEFAULT,$1,$2,$3,$4,$5,$6,$7) RETURNING \"id\",\"title\",\"description\",\"location\",\"ownerId\",\"pricePerNight\",\"createdAt\",\"updatedAt\";","timestamp":"2026-08-20T16:06:24.787Z"}
{"durationMs":7,"level":"info","message":"HTTP request","method":"POST","path":"/api/listings","statusCode":201,"timestamp":"2026-08-20T16:06:24.792Z"}
{"level":"info","message":"Executing (default): SELECT \"id\", \"title\", \"description\", \"location\", \"ownerId\", \"pricePerNight\", \"createdAt\", \"updatedAt\" FROM \"listings\" AS \"Listing\" WHERE \"Listing\".\"id\" = '178';","timestamp":"2026-08-20T16:06:24.798Z"}
{"level":"info","message":"Executing (default): UPDATE \"listings\" SET \"description\"=$1,\"pricePerNight\"=$2,\"updatedAt\"=$3 WHERE \"id\" = $4","timestamp":"2026-08-20T16:06:24.802Z"}
{"durationMs":10,"level":"info","message":"HTTP request","method":"PUT","path":"/api/listings/178","statusCode":200,"timestamp":"2026-08-20T16:06:24.805Z"}
{"level":"info","message":"Executing (default): SELECT 1+1 AS result","timestamp":"2026-08-20T16:48:10.275Z"}
{"level":"info","message":"Executing (default): INSERT INTO \"users\" (\"id\",\"role\",\"email\",\"passwordHash\",\"createdAt\",\"updatedAt\") VALUES (DEFAULT,$1,$2,$3,$4,$5) RETURNING \"id\",\"role\",\"email\",\"passwordHash\",\"createdAt\",\"updatedAt\";","timestamp":"2026-08-20T16:48:10.670Z"}
{"durationMs":333,"level":"info","message":"HTTP request","method":"POST","path":"/api/auth/register","statusCode":201,"timestamp":"2026-08-20T16:48:10.682Z"}
{"durationMs":3,"level":"info","message":"HTTP request","method":"POST","path":"/api/auth/register","statusCode":400,"timestamp":"2026-08-20T16:48:10.702Z"}
{"durationMs":1,"level":"info","message":"HTTP request","method":"POST","path":"/api/auth/register","statusCode":400,"timestamp":"2026-08-20T16:48:10.710Z"}
{"level":"info","message":"Executing (default): INSERT INTO \"users\" (\"id\",\"role\",\"email\",\"passwordHash\",\"createdAt\",\"updatedAt\") VALUES (DEFAULT,$1,$2,$3,$4,$5) RETURNING \"id\",\"role\",\"email\",\"passwordHash\",\"createdAt\",\"updatedAt\";","timestamp":"2026-08-20T16:48:11.022Z"}
{"durationMs":305,"level":"info","message":"HTTP request","method":"POST","path":"/api/auth/register","statusCode":201,"timestamp":"2026-08-20T16:48:11.024Z"}
{"level":"info","message":"Executing (default): INSERT INTO \"users\" (\"id\",\"role\",\"email\",\"passwordHash\",\"createdAt\",\"updatedAt\") VALUES (DEFAULT,$1,$2,$3,$4,$5) RETURNING \"id\",\"role\",\"email\",\"passwordHash\",\"createdAt\",\"updatedAt\";","timestamp":"2026-08-20T16:48:11.319Z"}
{"durationMs":292,"level":"info","message":"HTTP request","method":"POST","path":"/api/auth/register","statusCode":201,"timestamp":"2026-08-20T16:48:11.324Z"}
{"level":"info","message":"Executing (default): SELECT \"id\", \"role\", \"email\", \"passwordHash\", \"createdAt\", \"updatedAt\" FROM \"users\" AS \"User\" WHERE \"User\".\"email\" = 'guest-a88b860e-c646-4c6e-8029-b847856844da@example.com';","timestamp":"2026-08-20T16:48:11.336Z"}
{"durationMs":306,"level":"info","message":"HTTP request","method":"POST","path":"/api/auth/login","statusCode":200,"timestamp":"2026-08-20T16:48:11.635Z"}
{"level":"info","message":"Executing (default): INSERT INTO \"users\" (\"id\",\"role\",\"email\",\"passwordHash\",\"createdAt\",\"updatedAt\") VALUES (DEFAULT,$1,$2,$3,$4,$5) RETURNING \"id\",\"role\",\"email\",\"passwordHash\",\"createdAt\",\"updatedAt\";","timestamp":"2026-08-20T16:48:11.940Z"}
{"durationMs":304,"level":"info","message":"HTTP request","method":"POST","path":"/api/auth/register","statusCode":201,"timestamp":"2026-08-20T16:48:11.947Z"}
{"level":"info","message":"Executing (default): SELECT \"id\", \"role\", \"email\", \"passwordHash\", \"createdAt\", \"updatedAt\" FROM \"users\" AS \"User\" WHERE \"User\".\"email\" = 'host-198607fa-af6a-4b5f-8933-41cb8d8dc42d@example.com';","timestamp":"2026-08-20T16:48:11.952Z"}
{"durationMs":322,"level":"info","message":"HTTP request","method":"POST","path":"/api/auth/login","statusCode":200,"timestamp":"2026-08-20T16:48:12.273Z"}
{"level":"info","message":"Executing (default): INSERT INTO \"users\" (\"id\",\"role\",\"email\",\"passwordHash\",\"createdAt\",\"updatedAt\") VALUES (DEFAULT,$1,$2,$3,$4,$5) RETURNING \"id\",\"role\",\"email\",\"passwordHash\",\"createdAt\",\"updatedAt\";","timestamp":"2026-08-20T16:48:12.569Z"}
{"durationMs":299,"level":"info","message":"HTTP request","method":"POST","path":"/api/auth/register","statusCode":201,"timestamp":"2026-08-20T16:48:12.577Z"}
{"level":"info","message":"Executing (default): SELECT \"id\", \"role\", \"email\", \"passwordHash\", \"createdAt\", \"updatedAt\" FROM \"users\" AS \"User\" WHERE \"User\".\"email\" = 'host-ba51850b-2f70-4f3a-8481-03b615edf254@example.com';","timestamp":"2026-08-20T16:48:12.587Z"}
{"durationMs":320,"level":"info","message":"HTTP request","method":"POST","path":"/api/auth/login","statusCode":200,"timestamp":"2026-08-20T16:48:12.905Z"}
{"level":"info","message":"Executing (default): INSERT INTO \"listings\" (\"id\",\"title\",\"description\",\"location\",\"ownerId\",\"pricePerNight\",\"createdAt\",\"updatedAt\") VALUES (DEFAULT,$1,$2,$3,$4,$5,$6,$7) RETURNING \"id\",\"title\",\"description\",\"location\",\"ownerId\",\"pricePerNight\",\"createdAt\",\"updatedAt\";","timestamp":"2026-08-20T16:48:12.915Z"}
{"durationMs":12,"level":"info","message":"HTTP request","method":"POST","path":"/api/listings","statusCode":201,"timestamp":"2026-08-20T16:48:12.921Z"}
{"level":"info","message":"Executing (default): INSERT INTO \"users\" (\"id\",\"role\",\"email\",\"passwordHash\",\"createdAt\",\"updatedAt\") VALUES (DEFAULT,$1,$2,$3,$4,$5) RETURNING \"id\",\"role\",\"email\",\"passwordHash\",\"createdAt\",\"updatedAt\";","timestamp":"2026-08-20T16:48:13.223Z"}
{"durationMs":304,"level":"info","message":"HTTP request","method":"POST","path":"/api/auth/register","statusCode":201,"timestamp":"2026-08-20T16:48:13.230Z"}
{"level":"info","message":"Executing (default): SELECT \"id\", \"role\", \"email\", \"passwordHash\", \"createdAt\", \"updatedAt\" FROM \"users\" AS \"User\" WHERE \"User\".\"email\" = 'guest-8483549f-b821-4c9b-938a-7960fdec33c8@example.com';","timestamp":"2026-08-20T16:48:13.234Z"}
{"durationMs":294,"level":"info","message":"HTTP request","method":"POST","path":"/api/auth/login","statusCode":200,"timestamp":"2026-08-20T16:48:13.527Z"}
{"durationMs":1,"level":"info","message":"HTTP request","method":"POST","path":"/api/listings","statusCode":403,"timestamp":"2026-08-20T16:48:13.534Z"}
{"level":"info","message":"Executing (default): INSERT INTO \"users\" (\"id\",\"role\",\"email\",\"passwordHash\",\"createdAt\",\"updatedAt\") VALUES (DEFAULT,$1,$2,$3,$4,$5) RETURNING \"id\",\"role\",\"email\",\"passwordHash\",\"createdAt\",\"updatedAt\";","timestamp":"2026-08-20T16:48:13.825Z"}
{"durationMs":292,"level":"info","message":"HTTP request","method":"POST","path":"/api/auth/register","statusCode":201,"timestamp":"2026-08-20T16:48:13.830Z"}
{"level":"info","message":"Executing (default): SELECT \"id\", \"role\", \"email\", \"passwordHash\", \"createdAt\", \"updatedAt\" FROM \"users\" AS \"User\" WHERE \"User\".\"email\" = 'guest-42edba63-eb9a-459a-b20f-81eab993141f@example.com';","timestamp":"2026-08-20T16:48:13.834Z"}
{"durationMs":315,"level":"info","message":"HTTP request","method":"POST","path":"/api/auth/login","statusCode":200,"timestamp":"2026-08-20T16:48:14.148Z"}
{"level":"info","message":"Executing (default): INSERT INTO \"users\" (\"id\",\"role\",\"email\",\"passwordHash\",\"createdAt\",\"updatedAt\") VALUES (DEFAULT,$1,$2,$3,$4,$5) RETURNING \"id\",\"role\",\"email\",\"passwordHash\",\"createdAt\",\"updatedAt\";","timestamp":"2026-08-20T16:48:14.461Z"}
{"durationMs":315,"level":"info","message":"HTTP request","method":"POST","path":"/api/auth/register","statusCode":201,"timestamp":"2026-08-20T16:48:14.466Z"}
{"level":"info","message":"Executing (default): SELECT \"id\", \"role\", \"email\", \"passwordHash\", \"createdAt\", \"updatedAt\" FROM \"users\" AS \"User\" WHERE \"User\".\"email\" = 'host-448b7970-d941-4630-bc13-493ee6853fa3@example.com';","timestamp":"2026-08-20T16:48:14.469Z"}
{"durationMs":289,"level":"info","message":"HTTP request","method":"POST","path":"/api/auth/login","statusCode":200,"timestamp":"2026-08-20T16:48:14.757Z"}
{"level":"info","message":"Executing (default): INSERT INTO \"listings\" (\"id\",\"title\",\"description\",\"location\",\"ownerId\",\"pricePerNight\",\"createdAt\",\"updatedAt\") VALUES (DEFAULT,$1,$2,$3,$4,$5,$6,$7) RETURNING \"id\",\"title\",\"description\",\"location\",\"ownerId\",\"pricePerNight\",\"createdAt\",\"updatedAt\";","timestamp":"2026-08-20T16:48:14.764Z"}
{"durationMs":9,"level":"info","message":"HTTP request","method":"POST","path":"/api/listings","statusCode":201,"timestamp":"2026-08-20T16:48:14.770Z"}
{"level":"info","message":"Executing (default): SELECT \"id\", \"listingId\", \"ownerId\", \"checkIn\", \"checkOut\", \"status\", \"createdAt\", \"updatedAt\" FROM \"bookings\" AS \"Booking\" WHERE (\"Booking\".\"checkIn\" < '2026-09-05 00:00:00.000 +00:00' AND \"Booking\".\"checkOut\" > '2026-08-29 00:00:00.000 +00:00') AND \"Booking\".\"listingId\" = '180' AND \"Booking\".\"status\" IN ('PENDING', 'CONFIRMED') LIMIT 1;","timestamp":"2026-08-20T16:48:14.782Z"}
{"level":"info","message":"Executing (default): INSERT INTO \"bookings\" (\"id\",\"listingId\",\"ownerId\",\"checkIn\",\"checkOut\",\"status\",\"createdAt\",\"updatedAt\") VALUES (DEFAULT,$1,$2,$3,$4,$5,$6,$7) RETURNING \"id\",\"listingId\",\"ownerId\",\"checkIn\",\"checkOut\",\"status\",\"createdAt\",\"updatedAt\";","timestamp":"2026-08-20T16:48:14.786Z"}
{"durationMs":16,"level":"info","message":"HTTP request","method":"POST","path":"/api/listings/180/bookings","statusCode":201,"timestamp":"2026-08-20T16:48:14.789Z"}
{"level":"info","message":"Executing (default): INSERT INTO \"users\" (\"id\",\"role\",\"email\",\"passwordHash\",\"createdAt\",\"updatedAt\") VALUES (DEFAULT,$1,$2,$3,$4,$5) RETURNING \"id\",\"role\",\"email\",\"passwordHash\",\"createdAt\",\"updatedAt\";","timestamp":"2026-08-20T16:48:15.091Z"}
{"durationMs":301,"level":"info","message":"HTTP request","method":"POST","path":"/api/auth/register","statusCode":201,"timestamp":"2026-08-20T16:48:15.096Z"}
{"level":"info","message":"Executing (default): SELECT \"id\", \"role\", \"email\", \"passwordHash\", \"createdAt\", \"updatedAt\" FROM \"users\" AS \"User\" WHERE \"User\".\"email\" = 'host-49ba8e01-f4d8-43df-a533-9f7e27e52973@example.com';","timestamp":"2026-08-20T16:48:15.101Z"}
{"durationMs":295,"level":"info","message":"HTTP request","method":"POST","path":"/api/auth/login","statusCode":200,"timestamp":"2026-08-20T16:48:15.395Z"}
{"level":"info","message":"Executing (default): INSERT INTO \"users\" (\"id\",\"role\",\"email\",\"passwordHash\",\"createdAt\",\"updatedAt\") VALUES (DEFAULT,$1,$2,$3,$4,$5) RETURNING \"id\",\"role\",\"email\",\"passwordHash\",\"createdAt\",\"updatedAt\";","timestamp":"2026-08-20T16:48:15.688Z"}
{"durationMs":295,"level":"info","message":"HTTP request","method":"POST","path":"/api/auth/register","statusCode":201,"timestamp":"2026-08-20T16:48:15.693Z"}
{"level":"info","message":"Executing (default): SELECT \"id\", \"role\", \"email\", \"passwordHash\", \"createdAt\", \"updatedAt\" FROM \"users\" AS \"User\" WHERE \"User\".\"email\" = 'host-e4db1176-4211-4ee4-9b2b-8d3753ed8dc5@example.com';","timestamp":"2026-08-20T16:48:15.698Z"}
{"durationMs":311,"level":"info","message":"HTTP request","method":"POST","path":"/api/auth/login","statusCode":200,"timestamp":"2026-08-20T16:48:16.008Z"}
{"level":"info","message":"Executing (default): INSERT INTO \"listings\" (\"id\",\"title\",\"description\",\"location\",\"ownerId\",\"pricePerNight\",\"createdAt\",\"updatedAt\") VALUES (DEFAULT,$1,$2,$3,$4,$5,$6,$7) RETURNING \"id\",\"title\",\"description\",\"location\",\"ownerId\",\"pricePerNight\",\"createdAt\",\"updatedAt\";","timestamp":"2026-08-20T16:48:16.014Z"}
{"durationMs":6,"level":"info","message":"HTTP request","method":"POST","path":"/api/listings","statusCode":201,"timestamp":"2026-08-20T16:48:16.019Z"}
{"durationMs":1,"level":"info","message":"HTTP request","method":"POST","path":"/api/listings/181/bookings","statusCode":403,"timestamp":"2026-08-20T16:48:16.023Z"}
{"level":"info","message":"Executing (default): INSERT INTO \"users\" (\"id\",\"role\",\"email\",\"passwordHash\",\"createdAt\",\"updatedAt\") VALUES (DEFAULT,$1,$2,$3,$4,$5) RETURNING \"id\",\"role\",\"email\",\"passwordHash\",\"createdAt\",\"updatedAt\";","timestamp":"2026-08-20T16:48:16.322Z"}
{"durationMs":300,"level":"info","message":"HTTP request","method":"POST","path":"/api/auth/register","statusCode":201,"timestamp":"2026-08-20T16:48:16.327Z"}
{"level":"info","message":"Executing (default): SELECT \"id\", \"role\", \"email\", \"passwordHash\", \"createdAt\", \"updatedAt\" FROM \"users\" AS \"User\" WHERE \"User\".\"email\" = 'guest-6c2d5966-aa1c-4d8b-ae13-601c6de3b062@example.com';","timestamp":"2026-08-20T16:48:16.332Z"}
{"durationMs":318,"level":"info","message":"HTTP request","method":"POST","path":"/api/auth/login","statusCode":200,"timestamp":"2026-08-20T16:48:16.649Z"}
{"level":"info","message":"Executing (default): INSERT INTO \"users\" (\"id\",\"role\",\"email\",\"passwordHash\",\"createdAt\",\"updatedAt\") VALUES (DEFAULT,$1,$2,$3,$4,$5) RETURNING \"id\",\"role\",\"email\",\"passwordHash\",\"createdAt\",\"updatedAt\";","timestamp":"2026-08-20T16:48:16.945Z"}
{"durationMs":298,"level":"info","message":"HTTP request","method":"POST","path":"/api/auth/register","statusCode":201,"timestamp":"2026-08-20T16:48:16.951Z"}
{"level":"info","message":"Executing (default): SELECT \"id\", \"role\", \"email\", \"passwordHash\", \"createdAt\", \"updatedAt\" FROM \"users\" AS \"User\" WHERE \"User\".\"email\" = 'host-75ab4ea0-f8b1-48bb-8b00-1bca3ee9b477@example.com';","timestamp":"2026-08-20T16:48:16.961Z"}
{"durationMs":302,"level":"info","message":"HTTP request","method":"POST","path":"/api/auth/login","statusCode":200,"timestamp":"2026-08-20T16:48:17.260Z"}
{"level":"info","message":"Executing (default): INSERT INTO \"listings\" (\"id\",\"title\",\"description\",\"location\",\"ownerId\",\"pricePerNight\",\"createdAt\",\"updatedAt\") VALUES (DEFAULT,$1,$2,$3,$4,$5,$6,$7) RETURNING \"id\",\"title\",\"description\",\"location\",\"ownerId\",\"pricePerNight\",\"createdAt\",\"updatedAt\";","timestamp":"2026-08-20T16:48:17.266Z"}
{"durationMs":8,"level":"info","message":"HTTP request","method":"POST","path":"/api/listings","statusCode":201,"timestamp":"2026-08-20T16:48:17.271Z"}
{"level":"info","message":"Executing (default): SELECT \"id\", \"listingId\", \"ownerId\", \"checkIn\", \"checkOut\", \"status\", \"createdAt\", \"updatedAt\" FROM \"bookings\" AS \"Booking\" WHERE (\"Booking\".\"checkIn\" < '2026-09-01 00:00:00.000 +00:00' AND \"Booking\".\"checkOut\" > '2026-08-29 00:00:00.000 +00:00') AND \"Booking\".\"listingId\" = '182' AND \"Booking\".\"status\" IN ('PENDING', 'CONFIRMED') LIMIT 1;","timestamp":"2026-08-20T16:48:17.278Z"}
{"level":"info","message":"Executing (default): INSERT INTO \"bookings\" (\"id\",\"listingId\",\"ownerId\",\"checkIn\",\"checkOut\",\"status\",\"createdAt\",\"updatedAt\") VALUES (DEFAULT,$1,$2,$3,$4,$5,$6,$7) RETURNING \"id\",\"listingId\",\"ownerId\",\"checkIn\",\"checkOut\",\"status\",\"createdAt\",\"updatedAt\";","timestamp":"2026-08-20T16:48:17.280Z"}
{"durationMs":8,"level":"info","message":"HTTP request","method":"POST","path":"/api/listings/182/bookings","statusCode":201,"timestamp":"2026-08-20T16:48:17.283Z"}
{"level":"info","message":"Executing (default): SELECT \"id\", \"listingId\", \"ownerId\", \"checkIn\", \"checkOut\", \"status\", \"createdAt\", \"updatedAt\" FROM \"bookings\" AS \"Booking\" WHERE (\"Booking\".\"checkIn\" < '2026-09-05 00:00:00.000 +00:00' AND \"Booking\".\"checkOut\" > '2026-08-31 00:00:00.000 +00:00') AND \"Booking\".\"listingId\" = '182' AND \"Booking\".\"status\" IN ('PENDING', 'CONFIRMED') LIMIT 1;","timestamp":"2026-08-20T16:48:17.288Z"}
{"durationMs":26,"level":"info","message":"HTTP request","method":"POST","path":"/api/listings/182/bookings","statusCode":409,"timestamp":"2026-08-20T16:48:17.312Z"}
{"level":"info","message":"Executing (default): INSERT INTO \"users\" (\"id\",\"role\",\"email\",\"passwordHash\",\"createdAt\",\"updatedAt\") VALUES (DEFAULT,$1,$2,$3,$4,$5) RETURNING \"id\",\"role\",\"email\",\"passwordHash\",\"createdAt\",\"updatedAt\";","timestamp":"2026-08-20T16:48:17.639Z"}
{"durationMs":327,"level":"info","message":"HTTP request","method":"POST","path":"/api/auth/register","statusCode":201,"timestamp":"2026-08-20T16:48:17.644Z"}
{"level":"info","message":"Executing (default): SELECT \"id\", \"role\", \"email\", \"passwordHash\", \"createdAt\", \"updatedAt\" FROM \"users\" AS \"User\" WHERE \"User\".\"email\" = 'host-d8e29c1c-3af6-4c7c-9454-25517479bfdc@example.com';","timestamp":"2026-08-20T16:48:17.648Z"}
{"durationMs":303,"level":"info","message":"HTTP request","method":"POST","path":"/api/auth/login","statusCode":200,"timestamp":"2026-08-20T16:48:17.950Z"}
{"level":"info","message":"Executing (default): INSERT INTO \"listings\" (\"id\",\"title\",\"description\",\"location\",\"ownerId\",\"pricePerNight\",\"createdAt\",\"updatedAt\") VALUES (DEFAULT,$1,$2,$3,$4,$5,$6,$7) RETURNING \"id\",\"title\",\"description\",\"location\",\"ownerId\",\"pricePerNight\",\"createdAt\",\"updatedAt\";","timestamp":"2026-08-20T16:48:17.955Z"}
{"durationMs":7,"level":"info","message":"HTTP request","method":"POST","path":"/api/listings","statusCode":201,"timestamp":"2026-08-20T16:48:17.961Z"}
{"level":"info","message":"Executing (default): SELECT \"id\", \"title\", \"description\", \"location\", \"ownerId\", \"pricePerNight\", \"createdAt\", \"updatedAt\" FROM \"listings\" AS \"Listing\" WHERE \"Listing\".\"id\" = '183';","timestamp":"2026-08-20T16:48:17.968Z"}
{"level":"info","message":"Executing (default): UPDATE \"listings\" SET \"description\"=$1,\"pricePerNight\"=$2,\"updatedAt\"=$3 WHERE \"id\" = $4","timestamp":"2026-08-20T16:48:17.971Z"}
{"durationMs":7,"level":"info","message":"HTTP request","method":"PUT","path":"/api/listings/183","statusCode":200,"timestamp":"2026-08-20T16:48:17.973Z"}
{"level":"info","message":"Executing (default): SELECT 1+1 AS result","timestamp":"2026-08-21T06:15:23.624Z"}
{"level":"info","message":"Server started","port":"8080","timestamp":"2026-08-21T06:15:23.656Z"}
{"durationMs":8,"level":"info","message":"HTTP request","method":"GET","path":"/api/listingss","statusCode":404,"timestamp":"2026-08-21T06:35:11.694Z"}
{"level":"info","message":"Executing (default): SELECT \"id\", \"title\", \"description\", \"location\", \"ownerId\", \"pricePerNight\", \"createdAt\", \"updatedAt\" FROM \"listings\" AS \"Listing\";","timestamp":"2026-08-21T06:35:21.415Z"}
{"durationMs":27,"level":"info","message":"HTTP request","method":"GET","path":"/api/listings","statusCode":200,"timestamp":"2026-08-21T06:35:21.427Z"}
{"level":"info","message":"Executing (default): SELECT 1+1 AS result","timestamp":"2026-08-21T06:36:12.699Z"}
{"level":"info","message":"Server started","port":"8080","timestamp":"2026-08-21T06:36:12.732Z"}
{"level":"info","message":"Executing (default): SELECT 1+1 AS result","timestamp":"2026-08-21T06:36:55.072Z"}
{"level":"info","message":"Server started","port":"8080","timestamp":"2026-08-21T06:36:55.104Z"}
{"level":"info","message":"Executing (default): SELECT 1+1 AS result","timestamp":"2026-08-21T06:37:28.177Z"}
{"level":"info","message":"Server started","port":"8080","timestamp":"2026-08-21T06:37:28.205Z"}
{"level":"info","message":"Executing (default): SELECT 1+1 AS result","timestamp":"2026-08-21T06:37:44.381Z"}
{"level":"info","message":"Server started","port":"8080","timestamp":"2026-08-21T06:37:44.413Z"}
